timestamp,unidad_id,temp_motor_c,presion_aceite_psi,vibracion_motor
2026-01-01 00:00:00,CAT-797F-03,73.6105185547739,69.72226760429801,13.411310132521884
2026-01-01 01:00:00,CAT-797F-01,93.60301253066146,67.23701600470486,5.18744439830485
2026-01-01 02:00:00,CAT-797F-03,88.46785721453477,66.60121745228246,16.24344004217879
2026-01-01 03:00:00,CAT-797F-03,114.20703776088729,47.18716556392163,6.598553543449276
2026-01-01 04:00:00,CAT-797F-01,75.04175059756236,38.23677132205009,7.884575804098446
2026-01-01 05:00:00,CAT-797F-01,87.90350195705838,51.11920715060646,2.9294712332855966
2026-01-01 06:00:00,CAT-797F-03,113.6261694973916,41.940980599460346,3.7841953971404223
2026-01-01 07:00:00,CAT-797F-02,108.9478206652291,62.79804355609847,10.25379044339725
2026-01-01 08:00:00,CAT-797F-03,106.76824319271759,48.84398906151142,6.281482827647544
2026-01-01 09:00:00,CAT-797F-03,81.60562721702229,74.0244080343966,15.36768361187511
2026-01-01 10:00:00,CAT-797F-03,77.68994143255296,60.63888309381328,2.2350942184792615
2026-01-01 11:00:00,CAT-797F-03,100.0889448965994,67.89922254537444,8.065504778750979
2026-01-01 12:00:00,CAT-797F-01,111.82191951074137,40.30098690967394,7.397528748305483
2026-01-01 13:00:00,CAT-797F-03,95.05433018562684,69.4805792909049,2.3092420946816166
2026-01-01 14:00:00,CAT-797F-02,95.72257102614549,71.91028762053577,3.9898943840081635
2026-01-01 15:00:00,CAT-797F-01,82.59905921471278,54.482476752757435,8.618282798698164
2026-01-01 16:00:00,CAT-797F-02,104.62718199363715,59.2501175100391,9.885833351159146
2026-01-01 17:00:00,CAT-797F-02,78.41696868508855,65.59239203611982,8.468635956077906
2026-01-01 18:00:00,CAT-797F-02,84.56556563819096,41.993545090416504,10.495002854593501
2026-01-01 19:00:00,CAT-797F-02,89.14463973773876,55.102643058537694,11.522106798490904
2026-01-01 20:00:00,CAT-797F-01,92.84246704080047,50.946521110892526,2.15878113804537
2026-01-01 21:00:00,CAT-797F-01,80.9084379586786,40.85495968648996,9.425522551256062
2026-01-01 22:00:00,CAT-797F-02,75.16765711326416,49.701376891661255,17.41598785420141
2026-01-01 23:00:00,CAT-797F-02,97.47790190987347,37.726892375419744,10.30451648207278
2026-01-02 00:00:00,CAT-797F-01,82.98837489581152,36.03247627797948,12.840676279343251
2026-01-02 01:00:00,CAT-797F-01,96.15571996401755,40.40665156619291,6.989821726670131
2026-01-02 02:00:00,CAT-797F-01,76.9463221873391,73.52460446356696,14.3838620504442
2026-01-02 03:00:00,CAT-797F-03,91.65130458346678,56.98118143580068,14.366743710017841
2026-01-02 04:00:00,CAT-797F-03,93.96652446482136,73.6328864461288,10.340736762466223
2026-01-02 05:00:00,CAT-797F-03,72.33205915700921,52.299915133205275,17.61622117246742
2026-01-02 06:00:00,CAT-797F-02,85.14719251872643,47.47264532341038,4.008803436202454
2026-01-02 07:00:00,CAT-797F-03,76.04866046225384,55.245674513609764,2.271162638233296
2026-01-02 08:00:00,CAT-797F-02,72.85187367127455,52.58046754531641,14.322531388113536
2026-01-02 09:00:00,CAT-797F-02,114.54821045754753,39.22658737046976,14.91448859783812
2026-01-02 10:00:00,CAT-797F-03,84.50592302386254,60.63305258760825,3.92331566592922
2026-01-02 11:00:00,CAT-797F-02,106.44435006345857,43.641527300383984,6.249325327337697
2026-01-02 12:00:00,CAT-797F-03,81.45882946436937,59.78351819591318,2.2808378138660625
2026-01-02 13:00:00,CAT-797F-03,100.66762250007682,61.00804369592613,6.692937772489035
2026-01-02 14:00:00,CAT-797F-01,104.2102536950359,41.08099412514592,14.370269982698744
2026-01-02 15:00:00,CAT-797F-03,96.80374332735299,37.453985084426726,10.287368443401263
2026-01-02 16:00:00,CAT-797F-01,91.22092848475712,66.2304634427376,7.569529490692609
2026-01-02 17:00:00,CAT-797F-03,88.53284113662708,53.392016950772806,7.947828718501285
2026-01-02 18:00:00,CAT-797F-03,85.69907199443479,37.32655182021903,2.0216580114474905
2026-01-02 19:00:00,CAT-797F-01,111.82881149115217,74.79465268679068,6.796808441043774
2026-01-02 20:00:00,CAT-797F-01,107.37787335044781,37.31122243985467,12.343339866206888
2026-01-02 21:00:00,CAT-797F-03,113.42621097999307,62.801409154342124,17.587111101061716
2026-01-02 22:00:00,CAT-797F-02,75.59337505684951,74.34715701053653,15.552973231742392
2026-01-02 23:00:00,CAT-797F-01,102.889036384164,44.567204168637026,2.377519434328466
2026-01-03 00:00:00,CAT-797F-02,112.22532055694671,40.689974747487845,16.37696967479743
2026-01-03 01:00:00,CAT-797F-02,78.15548797745471,39.855397576897154,14.531174612778015
2026-01-03 02:00:00,CAT-797F-02,72.99233203150499,47.13100590270382,14.486017977135687
2026-01-03 03:00:00,CAT-797F-01,103.35042921805265,39.041832440425864,9.327932144057144
2026-01-03 04:00:00,CAT-797F-02,95.85129009309604,62.68645366776528,8.368084687272045
2026-01-03 05:00:00,CAT-797F-01,107.88229495412224,37.49167192520251,6.846651661331082
2026-01-03 06:00:00,CAT-797F-02,76.28975694818303,55.37688512599159,3.0511177432698524
2026-01-03 07:00:00,CAT-797F-03,105.78702903369506,74.86787415411908,5.651765815899186
2026-01-03 08:00:00,CAT-797F-03,79.0732294021485,67.55881078024075,5.945658159648394
2026-01-03 09:00:00,CAT-797F-01,77.3645174289567,59.608777529240434,9.745233115363225
2026-01-03 10:00:00,CAT-797F-03,77.39196090689468,47.25014483146447,13.959110505547104
2026-01-03 11:00:00,CAT-797F-03,106.6558624104122,59.95583345166554,9.580957254367146
2026-01-03 12:00:00,CAT-797F-02,99.933874931329,56.08165855646607,2.9255111911545697
2026-01-03 13:00:00,CAT-797F-01,93.53794411461037,52.04333535561486,17.32463681581126
2026-01-03 14:00:00,CAT-797F-02,86.14737178555761,40.228415069607976,17.083589105505794
2026-01-03 15:00:00,CAT-797F-02,109.47402433658988,70.46416860961867,14.563032690374534
2026-01-03 16:00:00,CAT-797F-02,87.66002983401859,52.9913859528529,17.86124642502753
2026-01-03 17:00:00,CAT-797F-02,106.74697477622097,42.7849004728306,10.711717324804207
2026-01-03 18:00:00,CAT-797F-02,89.76107088565983,49.71037403509158,17.404293604051297
2026-01-03 19:00:00,CAT-797F-02,86.96249932412084,51.565190101157086,3.2096806498680124
2026-01-03 20:00:00,CAT-797F-02,90.82059035513228,68.10151582267497,7.850891972181941
2026-01-03 21:00:00,CAT-797F-01,83.5620043373864,64.34457522245609,5.606100288108253
2026-01-03 22:00:00,CAT-797F-03,103.64242210793131,65.77219574565359,5.1333293461483205
2026-01-03 23:00:00,CAT-797F-02,92.62241755416156,35.44125057714589,4.252847182282817
2026-01-04 00:00:00,CAT-797F-02,80.44957128160678,51.64615992719046,11.958618265055946
2026-01-04 01:00:00,CAT-797F-02,110.48085579735559,54.25376606541295,14.501149691956881
2026-01-04 02:00:00,CAT-797F-02,87.27510496179451,35.76769107292227,11.25277439072577
2026-01-04 03:00:00,CAT-797F-02,94.45987875012949,45.39252834980137,4.351403353411355
2026-01-04 04:00:00,CAT-797F-02,110.7912449934046,65.4115929248854,14.977980318935534
2026-01-04 05:00:00,CAT-797F-03,98.09070981612965,40.48438822915996,12.175275314619656
2026-01-04 06:00:00,CAT-797F-03,75.26041183187638,56.41240525810367,8.210651298031928
2026-01-04 07:00:00,CAT-797F-02,112.29244556260639,43.6080748806895,12.786084728577007
2026-01-04 08:00:00,CAT-797F-03,98.2468623882138,35.48483098575573,6.1584796678853255
2026-01-04 09:00:00,CAT-797F-01,85.07075265956888,44.64805830398166,7.523075335907368
2026-01-04 10:00:00,CAT-797F-02,76.26724326985243,74.03495019640215,16.67977349011184
2026-01-04 11:00:00,CAT-797F-01,105.73113351716333,67.06148447531959,6.648072090742726
2026-01-04 12:00:00,CAT-797F-01,97.90327401678312,73.38306577284133,9.519812290526986
2026-01-04 13:00:00,CAT-797F-02,94.00574913893448,54.514161757054495,16.242258198336234
2026-01-04 14:00:00,CAT-797F-03,110.2251662372931,39.38944794710014,13.32354160428044
2026-01-04 15:00:00,CAT-797F-01,105.48687450510388,56.91837955894772,2.995251618635244
2026-01-04 16:00:00,CAT-797F-02,76.8253695879738,53.17509338239844,4.3568487084635255
2026-01-04 17:00:00,CAT-797F-01,84.02749305079968,68.77428330958463,2.125465452350669
2026-01-04 18:00:00,CAT-797F-01,81.18201129165095,38.923303231369786,12.094748643666614
2026-01-04 19:00:00,CAT-797F-01,103.47758316577045,54.529645480871125,9.162774806566693
2026-01-04 20:00:00,CAT-797F-01,71.50895956311007,41.00194658775937,4.1483976144364085
2026-01-04 21:00:00,CAT-797F-03,95.64503581920924,47.9870370756024,17.326945936908327
2026-01-04 22:00:00,CAT-797F-01,104.31064085833108,64.49428309551199,10.474555583129918
2026-01-04 23:00:00,CAT-797F-01,109.45445365427872,54.04072517475066,5.870292705806227
2026-01-05 00:00:00,CAT-797F-01,85.39367869221584,50.035531405830774,10.00965713847532
2026-01-05 01:00:00,CAT-797F-03,106.95657871024058,50.779051142801414,12.873925323761725
2026-01-05 02:00:00,CAT-797F-01,74.97842816298433,53.377870736239466,3.2198274875770316
2026-01-05 03:00:00,CAT-797F-01,108.09035312805332,66.40066175348227,6.395261040766272
2026-01-05 04:00:00,CAT-797F-03,75.73698980493921,70.68338755760938,14.911447854143898
2026-01-05 05:00:00,CAT-797F-03,87.87792807521653,73.21338746015712,9.35463792644258
2026-01-05 06:00:00,CAT-797F-03,105.87829146007991,66.4761354502118,10.745234272516718
2026-01-05 07:00:00,CAT-797F-01,76.74628423069483,47.61627582992051,8.925056035351508
2026-01-05 08:00:00,CAT-797F-03,80.31631278546887,62.525388243461684,2.702399082288082
2026-01-05 09:00:00,CAT-797F-03,102.50136557768798,52.50412496221568,4.651996477122495
2026-01-05 10:00:00,CAT-797F-01,102.40164414457334,45.18682488184204,9.128666219870254
2026-01-05 11:00:00,CAT-797F-03,98.85164347983837,68.6348631770369,5.346967446526845
2026-01-05 12:00:00,CAT-797F-01,101.22768000101951,36.537053958493,2.79966445855486
2026-01-05 13:00:00,CAT-797F-02,94.42259995064182,71.07047968541694,15.49839462482918
2026-01-05 14:00:00,CAT-797F-03,81.33095765081288,53.45909858498936,17.69908046662585
2026-01-05 15:00:00,CAT-797F-02,85.55631970767638,60.48805907233122,14.690285983947831
2026-01-05 16:00:00,CAT-797F-01,78.17189725606416,61.37415688823131,15.660558747274672
2026-01-05 17:00:00,CAT-797F-03,110.88027526001328,70.80470962826146,5.871634085072726
2026-01-05 18:00:00,CAT-797F-01,96.25263076447541,60.466787286688295,17.370031608211196
2026-01-05 19:00:00,CAT-797F-02,88.0383137543638,59.55734339040247,5.150811271254854
2026-01-05 20:00:00,CAT-797F-01,90.79026116398597,37.6660816224276,17.222876965789318
2026-01-05 21:00:00,CAT-797F-03,112.6277502825317,55.73632087780816,17.917108703455217
2026-01-05 22:00:00,CAT-797F-03,76.9008131402236,41.00676003268167,13.38756489193678
2026-01-05 23:00:00,CAT-797F-02,96.38034244075587,64.49735074885942,17.69829970866915
2026-01-06 00:00:00,CAT-797F-01,92.76499054980097,55.488876832506975,11.112636473073659
2026-01-06 01:00:00,CAT-797F-03,97.51544059455915,62.20911116833413,6.152668530817445
2026-01-06 02:00:00,CAT-797F-02,70.81495827193783,36.66691602409537,8.991934170649934
2026-01-06 03:00:00,CAT-797F-03,109.24557590248682,38.39168064183213,11.496974966060575
2026-01-06 04:00:00,CAT-797F-03,111.94532271176256,63.65293552250729,3.16930499243224
2026-01-06 05:00:00,CAT-797F-01,95.4309932615144,37.883373439946936,11.957492233875938
2026-01-06 06:00:00,CAT-797F-03,101.34928707446015,37.85026911061034,17.698845388196712
2026-01-06 07:00:00,CAT-797F-01,111.5124721529783,35.4843390093955,5.041722396539642
2026-01-06 08:00:00,CAT-797F-03,101.82573854410293,73.2600559319792,14.681521860614133
2026-01-06 09:00:00,CAT-797F-02,76.86425693114177,64.50033437836028,16.526380700473908
2026-01-06 10:00:00,CAT-797F-03,95.93297620750658,49.13005634008257,17.099225485123533
2026-01-06 11:00:00,CAT-797F-01,97.30217708722851,46.86142325150621,17.362169670487155
2026-01-06 12:00:00,CAT-797F-01,89.08588020860736,48.988129189833984,10.343354219543551
2026-01-06 13:00:00,CAT-797F-02,103.13999060311252,65.98614124724728,17.63692652786406
2026-01-06 14:00:00,CAT-797F-03,112.04651566460566,61.45482444281657,14.116963314151022
2026-01-06 15:00:00,CAT-797F-03,111.65058308080494,42.40782271469872,4.58674297979139
2026-01-06 16:00:00,CAT-797F-02,90.28777171318595,41.964373413363376,9.63040170348752
2026-01-06 17:00:00,CAT-797F-03,75.09571206283398,38.935825988535896,13.493298805952064
2026-01-06 18:00:00,CAT-797F-03,114.31785395330505,61.41210878805353,5.957445053105333
2026-01-06 19:00:00,CAT-797F-01,107.75041389006704,65.57490648886943,12.249842936782198
2026-01-06 20:00:00,CAT-797F-03,75.609820654147,45.60185713300016,12.665607664745908
2026-01-06 21:00:00,CAT-797F-03,111.43788471778176,35.837798441236515,4.603195900937054
2026-01-06 22:00:00,CAT-797F-02,109.14533629279578,38.28686669905709,11.0413649992441
2026-01-06 23:00:00,CAT-797F-02,93.34771257067325,73.71440139380121,14.346030575657723
2026-01-07 00:00:00,CAT-797F-01,96.60739460852182,46.81779109909681,9.98233063257507
2026-01-07 01:00:00,CAT-797F-03,87.95512167415586,65.76892591352535,2.193649868417719
2026-01-07 02:00:00,CAT-797F-03,72.46427374699141,59.98654275417055,2.144615505268675
2026-01-07 03:00:00,CAT-797F-03,85.08387587406554,50.27758558611583,7.712469503520195
2026-01-07 04:00:00,CAT-797F-01,106.12840518691051,43.22749048782221,16.81910509490851
2026-01-07 05:00:00,CAT-797F-01,70.20844103520713,39.85545672637626,5.65882847365774
2026-01-07 06:00:00,CAT-797F-02,85.0074627261015,59.600518721554664,12.149819021946994
2026-01-07 07:00:00,CAT-797F-01,87.91759121159245,65.98535122551152,5.553213931093129
2026-01-07 08:00:00,CAT-797F-03,94.18280213220653,60.75617014164523,7.146719834552778
2026-01-07 09:00:00,CAT-797F-03,111.39350273857423,56.21208532996633,15.568673433623744
2026-01-07 10:00:00,CAT-797F-01,85.58556974646825,36.67804893726545,13.66178307631915
2026-01-07 11:00:00,CAT-797F-03,85.61289408533025,73.73955110377536,3.52638843701137
2026-01-07 12:00:00,CAT-797F-03,103.18755616493868,66.94856766618298,8.859232335782938
2026-01-07 13:00:00,CAT-797F-01,90.34980734004132,46.71288146803859,2.4667162183242315
2026-01-07 14:00:00,CAT-797F-01,80.10721703229919,74.19881317435403,9.694242345648144
2026-01-07 15:00:00,CAT-797F-03,90.3597782259712,59.07526358545289,12.59894418721709
2026-01-07 16:00:00,CAT-797F-03,76.33856591709099,58.29690632828986,3.896041977570425
2026-01-07 17:00:00,CAT-797F-03,77.93741439278006,64.9229271771813,6.622159022546651
2026-01-07 18:00:00,CAT-797F-02,92.42654977327659,67.4707915236055,8.36538600803451
2026-01-07 19:00:00,CAT-797F-02,88.85164522770465,61.25914429326011,16.712496394496796
2026-01-07 20:00:00,CAT-797F-02,111.1680655480645,40.123829854648,17.892080246767424
2026-01-07 21:00:00,CAT-797F-01,86.30772546024849,48.53070023977993,2.7185807839298537
2026-01-07 22:00:00,CAT-797F-02,96.12647576251196,72.12334561304199,14.176126775926273
2026-01-07 23:00:00,CAT-797F-01,98.45189295637887,43.98462447375408,7.947585062437492
2026-01-08 00:00:00,CAT-797F-01,70.58925054647501,49.88668095350053,8.27933097967168
2026-01-08 01:00:00,CAT-797F-02,99.85918174075198,52.28307531776784,14.068239573552363
2026-01-08 02:00:00,CAT-797F-02,78.01161850913881,52.57619958777809,16.694822914326537
2026-01-08 03:00:00,CAT-797F-02,113.24816428612547,59.51758329978102,17.214857512040773
2026-01-08 04:00:00,CAT-797F-03,76.68982274889008,72.72303350978831,11.233961376613133
2026-01-08 05:00:00,CAT-797F-02,88.65808556771607,44.6277084733002,7.713938548808045
2026-01-08 06:00:00,CAT-797F-03,73.84073506353897,39.86005505203672,14.600785373740468
2026-01-08 07:00:00,CAT-797F-01,114.85934133306763,42.898819594397494,6.016022132196804
2026-01-08 08:00:00,CAT-797F-03,92.59877546490591,70.47699600837078,11.025184461336284
2026-01-08 09:00:00,CAT-797F-02,96.79232577940198,60.83243250620824,7.737255384397971
2026-01-08 10:00:00,CAT-797F-01,73.01844148247923,46.4362715695664,12.506097179326018
2026-01-08 11:00:00,CAT-797F-01,103.74822116796301,67.63787755874469,5.84638260629611
2026-01-08 12:00:00,CAT-797F-01,79.44575168930136,69.45479985453744,5.065487131757212
2026-01-08 13:00:00,CAT-797F-03,110.41244302483213,68.86057354761112,16.691825386806993
2026-01-08 14:00:00,CAT-797F-02,79.23128382169033,71.75706134558217,3.6288589271925904
2026-01-08 15:00:00,CAT-797F-01,78.58094742986499,45.08964080693446,10.095326523758906
2026-01-08 16:00:00,CAT-797F-01,71.64473505316427,65.20167714985114,5.533644527408143
2026-01-08 17:00:00,CAT-797F-01,91.24301252994997,53.4215798909656,2.622879413210679
2026-01-08 18:00:00,CAT-797F-03,95.41785099681775,68.67994211560246,2.5763010926628223
2026-01-08 19:00:00,CAT-797F-03,72.95688877427585,64.13962708646453,4.8035483536932375
2026-01-08 20:00:00,CAT-797F-02,104.89874275127548,66.05789785998898,15.868325672096004
2026-01-08 21:00:00,CAT-797F-03,90.39799756366125,61.24647350724286,6.5196599036324265
2026-01-08 22:00:00,CAT-797F-01,93.5975621197411,42.097150778788276,17.20734672920473
2026-01-08 23:00:00,CAT-797F-02,89.83432361222026,56.80107675587753,11.305956687827097
2026-01-09 00:00:00,CAT-797F-01,88.03433773938967,74.38678958098032,8.985827036300257
2026-01-09 01:00:00,CAT-797F-01,95.1838149088698,72.49552265988476,11.281421354711274
2026-01-09 02:00:00,CAT-797F-03,76.98581106688206,36.72694943188047,10.267174163620284
2026-01-09 03:00:00,CAT-797F-02,78.1867658722872,41.59259262917749,14.140420060117203
2026-01-09 04:00:00,CAT-797F-03,108.78035294560829,40.26915093818248,6.519937055565636
2026-01-09 05:00:00,CAT-797F-03,112.57519579601347,64.03919639941182,7.648806265604838
2026-01-09 06:00:00,CAT-797F-02,86.79891923258889,67.71141319427781,16.305508840532013
2026-01-09 07:00:00,CAT-797F-01,82.18351029145992,43.540454652426874,17.143304210406487
2026-01-09 08:00:00,CAT-797F-01,98.9799794457557,55.23410771807316,16.280931639783592
2026-01-09 09:00:00,CAT-797F-02,88.39303769941434,68.628121120448,8.711167903317017
2026-01-09 10:00:00,CAT-797F-01,71.14238600471552,64.31206179065002,14.485848048110107
2026-01-09 11:00:00,CAT-797F-02,77.02686688147857,56.68948821967393,9.62137173281758
2026-01-09 12:00:00,CAT-797F-02,102.21875029813289,58.613907618350915,9.960637634337635
2026-01-09 13:00:00,CAT-797F-03,99.65157738595681,55.3344218766512,5.274881744916543
2026-01-09 14:00:00,CAT-797F-02,71.21931966265676,46.901938052752826,11.458084852136263
2026-01-09 15:00:00,CAT-797F-03,79.98874728698273,57.600879714360644,4.978174364053567
2026-01-09 16:00:00,CAT-797F-01,80.39836584646321,62.55541208200363,7.3050351850751
2026-01-09 17:00:00,CAT-797F-01,100.23517346194278,69.9329166344323,15.680483225918962
2026-01-09 18:00:00,CAT-797F-01,70.88697419894639,60.45165415916992,5.3132129473736835
2026-01-09 19:00:00,CAT-797F-01,74.68488618930583,65.44486148172632,3.138532562774925
2026-01-09 20:00:00,CAT-797F-03,105.99622384179352,41.40286539818292,3.104121481805061
2026-01-09 21:00:00,CAT-797F-01,78.03450979244501,53.462298976791594,17.052552328049728
2026-01-09 22:00:00,CAT-797F-02,99.37357485333436,35.373264793083735,10.110727007389354
2026-01-09 23:00:00,CAT-797F-02,80.71822514710269,44.86715458086492,8.550593149072293
2026-01-10 00:00:00,CAT-797F-02,74.47486267417054,64.05846860452019,14.974057296126695
2026-01-10 01:00:00,CAT-797F-03,80.94274859497543,74.67239805397455,15.373214846568256
2026-01-10 02:00:00,CAT-797F-01,102.50201193350466,38.967123983488634,7.315056529849674
2026-01-10 03:00:00,CAT-797F-01,108.50634106478286,51.059772634451534,13.097888919580724
2026-01-10 04:00:00,CAT-797F-01,107.35989390551462,67.00283874796638,14.337965053630185
2026-01-10 05:00:00,CAT-797F-03,87.87325883283046,43.16142538515595,12.474410989855272
2026-01-10 06:00:00,CAT-797F-02,100.06383114567907,57.20339797209145,4.42552119680159
2026-01-10 07:00:00,CAT-797F-02,79.22429329371194,64.32285184118699,16.014129336272912
2026-01-10 08:00:00,CAT-797F-01,83.1916478617456,59.63941801040716,10.62551284377614
2026-01-10 09:00:00,CAT-797F-02,110.33511183345038,42.52098938461665,6.519558821920059
2026-01-10 10:00:00,CAT-797F-02,70.58508655798312,49.21538274742957,8.803650967003103
2026-01-10 11:00:00,CAT-797F-03,73.84788388845107,66.35167137941589,2.601137446382518
2026-01-10 12:00:00,CAT-797F-03,79.35488148157123,57.16906056528067,4.045868819558681
2026-01-10 13:00:00,CAT-797F-03,71.19394917432189,35.20918454171651,14.248748008253774
2026-01-10 14:00:00,CAT-797F-03,78.16459457904088,65.43963040112375,2.0001861560858583
2026-01-10 15:00:00,CAT-797F-01,96.23687024363615,36.41245419760956,8.665053255716675
2026-01-10 16:00:00,CAT-797F-03,88.96410477666241,64.82935130924929,10.360162897369415
2026-01-10 17:00:00,CAT-797F-02,110.17022699846387,43.0992224066095,2.8741507200155567
2026-01-10 18:00:00,CAT-797F-01,106.78496027822985,73.32293920477521,17.569250607557326
2026-01-10 19:00:00,CAT-797F-02,85.38178082640442,49.71763005208338,5.618005299994751
2026-01-10 20:00:00,CAT-797F-02,81.67405450440816,48.077264653523166,6.867179514180494
2026-01-10 21:00:00,CAT-797F-02,87.086158367527,40.95552201329779,6.863080196080437
2026-01-10 22:00:00,CAT-797F-03,96.56327241316635,47.22416861960859,5.686666593877598
2026-01-10 23:00:00,CAT-797F-03,82.06286383702943,70.06603047312802,2.0235811533809827
2026-01-11 00:00:00,CAT-797F-01,98.08670085321103,74.85337350508989,13.669516705407942
2026-01-11 01:00:00,CAT-797F-01,88.42352434860582,49.732381220273936,17.469527996788564
2026-01-11 02:00:00,CAT-797F-03,94.8421231383391,52.9444252381817,5.588695732560721
2026-01-11 03:00:00,CAT-797F-02,89.62569381108925,63.882837528109484,12.608755068854759
2026-01-11 04:00:00,CAT-797F-01,83.2509591793863,70.44783121860297,13.870341231339442
2026-01-11 05:00:00,CAT-797F-03,112.68039881329705,58.721773367471364,15.574806065448396
2026-01-11 06:00:00,CAT-797F-03,104.36226073718925,50.661027927113174,8.762067152217746
2026-01-11 07:00:00,CAT-797F-03,76.30509290949037,51.50487363394495,6.846894490246868
2026-01-11 08:00:00,CAT-797F-02,109.08105891540608,62.824725859872274,7.204722144368498
2026-01-11 09:00:00,CAT-797F-03,91.93440392122811,35.12873054417115,13.401941329576205
2026-01-11 10:00:00,CAT-797F-03,110.25485021023411,59.78357349839363,15.068471464090177
2026-01-11 11:00:00,CAT-797F-03,105.99348651762918,49.219720417654294,4.9058234841056425
2026-01-11 12:00:00,CAT-797F-03,89.1346077011155,66.76789325108336,7.935056130524243
2026-01-11 13:00:00,CAT-797F-01,71.01111887440528,38.71962559292528,16.4310431479864
2026-01-11 14:00:00,CAT-797F-01,82.09048117232257,58.52809067793562,14.907096315115828
2026-01-11 15:00:00,CAT-797F-03,94.37353965973901,54.23891559544495,17.757734444199613
2026-01-11 16:00:00,CAT-797F-02,98.50651989217663,60.693021036209096,14.067972154913292
2026-01-11 17:00:00,CAT-797F-01,81.6049458444941,37.594143779318735,8.291123216446756
2026-01-11 18:00:00,CAT-797F-03,76.27102333327709,58.19935149712525,11.450205343914204
2026-01-11 19:00:00,CAT-797F-01,107.57186065596846,57.459383518380946,12.576228067957125
2026-01-11 20:00:00,CAT-797F-01,114.29809813165986,57.426403776646836,3.255293061073983
2026-01-11 21:00:00,CAT-797F-02,93.65605820362086,59.13950666385819,10.711951345661841
2026-01-11 22:00:00,CAT-797F-03,77.72556786317365,62.05871748905449,13.349133255561753
2026-01-11 23:00:00,CAT-797F-03,82.2538296933716,67.1995599872308,4.677140864016966
2026-01-12 00:00:00,CAT-797F-02,70.827580444636,45.79282880512857,14.490107478808914
2026-01-12 01:00:00,CAT-797F-02,111.14344629522245,68.00197640720248,11.340364488225786
2026-01-12 02:00:00,CAT-797F-03,75.29879873005635,54.93022729053814,17.235548571161516
2026-01-12 03:00:00,CAT-797F-03,95.94324139814141,38.08233116537325,2.678756771310267
2026-01-12 04:00:00,CAT-797F-02,82.33248493092427,37.342037169759166,6.2452182008874715
2026-01-12 05:00:00,CAT-797F-01,94.93801011321071,48.36953274784243,11.624862068797185
2026-01-12 06:00:00,CAT-797F-01,99.31391747583389,66.3958790844587,6.744958595294891
2026-01-12 07:00:00,CAT-797F-02,107.33838116682406,63.307237389636626,13.430786625139875
2026-01-12 08:00:00,CAT-797F-01,79.28895722922715,66.54459858689626,14.144084520350896
2026-01-12 09:00:00,CAT-797F-02,70.49481228963162,55.690762257664375,3.6402554250635912
2026-01-12 10:00:00,CAT-797F-01,76.15985335309632,52.60795991821962,10.221671427308284
2026-01-12 11:00:00,CAT-797F-01,110.50083888316473,40.89810106825136,10.142248889456894
2026-01-12 12:00:00,CAT-797F-03,109.3250534903132,48.12771014437246,7.908492323448657
2026-01-12 13:00:00,CAT-797F-03,96.88358959766387,52.36077464695501,16.926797801114752
2026-01-12 14:00:00,CAT-797F-01,97.0232587195144,38.54401718718469,15.24010111797154
2026-01-12 15:00:00,CAT-797F-01,99.9266503545815,43.824478108448446,13.155350110554188
2026-01-12 16:00:00,CAT-797F-03,77.89170753805523,58.92901176254955,13.42922617175996
2026-01-12 17:00:00,CAT-797F-03,111.14853756662319,64.42652456956759,9.387458301009906
2026-01-12 18:00:00,CAT-797F-03,88.84467362014328,74.93390045571799,16.735912337545216
2026-01-12 19:00:00,CAT-797F-02,87.24123377122739,72.32453325374232,13.113526836052566
2026-01-12 20:00:00,CAT-797F-01,93.3512967377277,60.70260798140766,13.663696986493063
2026-01-12 21:00:00,CAT-797F-03,72.11346850487747,51.84992213176288,15.787054460597524
2026-01-12 22:00:00,CAT-797F-01,77.48275159402357,60.44709458832931,6.385145429475056
2026-01-12 23:00:00,CAT-797F-02,103.21151273918667,66.42606472320928,14.913134461867248
2026-01-13 00:00:00,CAT-797F-02,73.72594005663069,39.733447636935495,5.123849647303873
2026-01-13 01:00:00,CAT-797F-03,97.14184492598747,51.39619558785153,7.525471235918205
2026-01-13 02:00:00,CAT-797F-02,81.04070993565944,68.59209142542468,7.369767268317483
2026-01-13 03:00:00,CAT-797F-01,87.51830263188894,50.35331807732176,17.65640749422625
2026-01-13 04:00:00,CAT-797F-03,82.99121815468149,57.874890849087464,15.70459557996683
2026-01-13 05:00:00,CAT-797F-01,86.00527224092271,58.51077443448793,13.218717785444156
2026-01-13 06:00:00,CAT-797F-01,102.35706573329105,42.37905012534557,13.632908185846242
2026-01-13 07:00:00,CAT-797F-02,83.37047720304288,49.48941766609153,10.993164710441137
2026-01-13 08:00:00,CAT-797F-02,95.48820881336037,48.38045154967729,17.153450673736305
2026-01-13 09:00:00,CAT-797F-02,91.42226809895948,36.047868341282594,9.940140046117785
2026-01-13 10:00:00,CAT-797F-02,99.86520244131917,35.96767055565421,8.088283357918312
2026-01-13 11:00:00,CAT-797F-02,112.15733826961412,68.26788174703094,4.608565390905456
2026-01-13 12:00:00,CAT-797F-03,102.96574437446127,45.9228323989125,14.579290436176928
2026-01-13 13:00:00,CAT-797F-01,79.67231703658405,55.72315064955262,13.751102913209463
2026-01-13 14:00:00,CAT-797F-01,71.40324107775781,46.94902294355092,8.149680616386158
2026-01-13 15:00:00,CAT-797F-01,81.80188199349213,72.62716980461363,2.4030946233476698
2026-01-13 16:00:00,CAT-797F-01,96.77850688151148,45.37187035463095,15.423957243488172
2026-01-13 17:00:00,CAT-797F-02,72.31416160679126,52.186272509557405,2.182687735265178
2026-01-13 18:00:00,CAT-797F-01,92.33648112405564,69.90921001938408,13.259196474064815
2026-01-13 19:00:00,CAT-797F-03,96.85792820126002,68.67734267167235,17.524113755616913
2026-01-13 20:00:00,CAT-797F-03,85.04097508676324,42.44405671385109,9.002581250371255
2026-01-13 21:00:00,CAT-797F-01,104.69104916856199,67.10573239182841,5.759574479935244
2026-01-13 22:00:00,CAT-797F-01,74.79692139101974,53.327475469515704,13.277936160694107
2026-01-13 23:00:00,CAT-797F-03,73.3812001781114,54.31875488341421,15.074050272249362
2026-01-14 00:00:00,CAT-797F-03,102.76849402916216,40.339198896637754,10.742885057245557
2026-01-14 01:00:00,CAT-797F-02,92.29710922927893,38.22406055028499,17.47256440409834
2026-01-14 02:00:00,CAT-797F-03,100.97810783924812,64.1175722789506,2.8266995465273776
2026-01-14 03:00:00,CAT-797F-02,89.56723023716859,54.85844609421199,10.07672957287245
2026-01-14 04:00:00,CAT-797F-02,81.08809149575981,52.474028104607186,13.495263157160801
2026-01-14 05:00:00,CAT-797F-02,106.85960429533898,64.18032914609587,15.802247538386863
2026-01-14 06:00:00,CAT-797F-02,105.97371455360407,65.6205159596444,4.868089790524641
2026-01-14 07:00:00,CAT-797F-02,101.26134118844921,41.35632670677414,14.800055708218903
2026-01-14 08:00:00,CAT-797F-01,82.24653117534832,59.40900597910565,10.843313211496724
2026-01-14 09:00:00,CAT-797F-03,96.56038000910891,40.41416329110742,8.344858911839411
2026-01-14 10:00:00,CAT-797F-02,86.24382536230121,65.05500344116183,4.107440457265497
2026-01-14 11:00:00,CAT-797F-03,74.12119329969853,61.278206250685585,15.844732142542599
2026-01-14 12:00:00,CAT-797F-03,111.27911089580093,73.26458484333833,4.516371330875446
2026-01-14 13:00:00,CAT-797F-02,76.15683839135326,37.75832065425685,6.956605747345588
2026-01-14 14:00:00,CAT-797F-01,112.76068092193611,37.282188846050175,6.64072851139899
2026-01-14 15:00:00,CAT-797F-02,90.07025978310801,46.287482987728005,15.942624547053668
2026-01-14 16:00:00,CAT-797F-01,78.33098179773788,45.46822734943624,12.763247907342368
2026-01-14 17:00:00,CAT-797F-03,94.38554263202612,44.879151962879995,14.746902355061957
2026-01-14 18:00:00,CAT-797F-01,109.28256261443838,71.25018322084146,6.007486380679984
2026-01-14 19:00:00,CAT-797F-01,102.95011988843025,44.981847993980246,11.997985593711983
2026-01-14 20:00:00,CAT-797F-01,106.29525165376523,45.87798904514524,11.147935730299979
2026-01-14 21:00:00,CAT-797F-03,99.64525150198227,65.37593049671855,15.325286028612338
2026-01-14 22:00:00,CAT-797F-03,101.15244540330336,52.9895936980216,16.49739296770017
2026-01-14 23:00:00,CAT-797F-01,108.21380432043937,66.06842227820725,2.194508343638189
2026-01-15 00:00:00,CAT-797F-01,81.23506039866336,37.61464630257541,12.784318704940683
2026-01-15 01:00:00,CAT-797F-02,92.02412336394133,54.50284774693537,2.8293727859156643
2026-01-15 02:00:00,CAT-797F-01,79.9544248818821,36.34454400733131,10.781738641237695
2026-01-15 03:00:00,CAT-797F-02,114.44506035984912,37.50612813821418,6.602123664698851
2026-01-15 04:00:00,CAT-797F-01,112.4826702858976,71.25749813377644,6.908425592354259
2026-01-15 05:00:00,CAT-797F-02,71.77420651158276,40.56981484470381,7.647336055237705
2026-01-15 06:00:00,CAT-797F-03,101.75088276320598,56.29682729100868,11.940679184793762
2026-01-15 07:00:00,CAT-797F-01,111.63617428370496,51.443824104028266,7.344799450700307
2026-01-15 08:00:00,CAT-797F-01,78.12589053073,48.8937330503537,13.723184809444486
2026-01-15 09:00:00,CAT-797F-01,95.55753537486832,70.9933338274909,8.472438169181915
2026-01-15 10:00:00,CAT-797F-01,111.19697339146188,35.87293587101958,3.093651204959338
2026-01-15 11:00:00,CAT-797F-02,71.52756903636094,61.551587447023564,14.540157479745716
2026-01-15 12:00:00,CAT-797F-01,101.3839120261078,73.53577736854201,6.572133193483296
2026-01-15 13:00:00,CAT-797F-03,83.38070533176479,57.40672733847368,8.924270073588202
2026-01-15 14:00:00,CAT-797F-03,111.59782879194387,72.47289848132368,12.967102131550424
2026-01-15 15:00:00,CAT-797F-01,113.69762103244155,37.09031517144095,7.319298514379392
2026-01-15 16:00:00,CAT-797F-03,112.49199201010452,51.751732762966455,2.90537049834745
2026-01-15 17:00:00,CAT-797F-01,91.33963974958587,45.406311638482045,7.982736752205017
2026-01-15 18:00:00,CAT-797F-01,108.7919192945191,64.23283859922918,17.111177323108855
2026-01-15 19:00:00,CAT-797F-03,108.00472293407816,74.25188361988987,12.267750356776931
2026-01-15 20:00:00,CAT-797F-01,84.35952129594651,45.261202497769915,12.74366637867531
2026-01-15 21:00:00,CAT-797F-03,107.30119633678048,61.16698405896298,12.116514458202237
2026-01-15 22:00:00,CAT-797F-02,71.66534356219717,42.92390531038961,5.183874223350989
2026-01-15 23:00:00,CAT-797F-01,96.83214453169239,57.61321018286439,8.693341825636482
2026-01-16 00:00:00,CAT-797F-02,80.35039767794663,53.55729946753345,14.015036773813092
2026-01-16 01:00:00,CAT-797F-03,75.42550985997755,73.88021318526148,3.6219663608505464
2026-01-16 02:00:00,CAT-797F-02,73.46289407331442,59.341090907858664,6.445644417435396
2026-01-16 03:00:00,CAT-797F-02,101.33299491451629,48.98025488347275,6.421105735453658
2026-01-16 04:00:00,CAT-797F-03,85.29437336956298,39.56383139551733,8.912302841512096
2026-01-16 05:00:00,CAT-797F-02,102.61450471879427,41.049873149397385,17.68589985507496
2026-01-16 06:00:00,CAT-797F-02,72.9410353359524,44.0126771980494,3.080040746941151
2026-01-16 07:00:00,CAT-797F-03,84.18806520237746,45.038666453611924,10.29921591008952
2026-01-16 08:00:00,CAT-797F-02,94.27710815689018,69.02464231364551,4.869834912195367
2026-01-16 09:00:00,CAT-797F-03,105.58254241775336,57.44891153130099,17.530824726555906
2026-01-16 10:00:00,CAT-797F-02,84.34386263194315,55.935636454974656,3.812856075639427
2026-01-16 11:00:00,CAT-797F-03,98.16511193966541,39.5907548747687,8.45761603778546
2026-01-16 12:00:00,CAT-797F-03,109.86899867062843,69.4055877339774,13.806159757353699
2026-01-16 13:00:00,CAT-797F-02,97.7138434682037,63.91257212833935,13.272870848439124
2026-01-16 14:00:00,CAT-797F-02,80.48317636391351,37.706734476000065,8.763658190302916
2026-01-16 15:00:00,CAT-797F-02,71.09803517004421,63.313403889190745,7.544386687243492
2026-01-16 16:00:00,CAT-797F-01,109.15444932554185,56.741528693705845,8.36179805684593
2026-01-16 17:00:00,CAT-797F-01,70.95712348826743,38.26901382987113,6.2284202105382285
2026-01-16 18:00:00,CAT-797F-01,109.36157527078898,53.33202566114626,5.285327019308797
2026-01-16 19:00:00,CAT-797F-03,93.80217103122453,54.38785148520188,9.72863516094224
2026-01-16 20:00:00,CAT-797F-02,112.25804643308032,41.63098160653103,6.296540097081717
2026-01-16 21:00:00,CAT-797F-03,105.94524560981495,72.82792588001129,6.599386638356002
2026-01-16 22:00:00,CAT-797F-01,114.90703497400018,68.99901485922648,12.508097015592913
2026-01-16 23:00:00,CAT-797F-02,85.78203169532696,61.76089349316433,17.496597307198275
2026-01-17 00:00:00,CAT-797F-03,104.52347300190071,53.491822440024286,11.658195208950001
2026-01-17 01:00:00,CAT-797F-02,88.0868911124159,51.47062166338034,3.2316714730394605
2026-01-17 02:00:00,CAT-797F-03,91.59440291367589,61.038938686038165,3.2093378216650716
2026-01-17 03:00:00,CAT-797F-02,98.23774584482666,56.81727477627622,17.222771533529055
2026-01-17 04:00:00,CAT-797F-01,109.31547013838525,37.49092423527542,6.756652644917338
2026-01-17 05:00:00,CAT-797F-01,114.28375611396828,55.500105950813264,3.473071777319607
2026-01-17 06:00:00,CAT-797F-02,104.57230362390331,67.25614468931357,11.584713394406105
2026-01-17 07:00:00,CAT-797F-03,88.79950519753002,53.369595103878325,11.978380452644258
2026-01-17 08:00:00,CAT-797F-01,88.96106510246815,37.07826310217074,12.37607712189901
2026-01-17 09:00:00,CAT-797F-01,103.19120357150013,66.45112797536132,6.278432445720661
2026-01-17 10:00:00,CAT-797F-01,80.7449715595736,43.054551285438976,2.2417709474316005
2026-01-17 11:00:00,CAT-797F-02,74.97133509091276,45.34483339552155,17.44024591127155
2026-01-17 12:00:00,CAT-797F-02,85.95799709383495,41.588254137291834,6.01428873105764
2026-01-17 13:00:00,CAT-797F-03,82.92575462443368,48.2086025948599,12.81642060884076
2026-01-17 14:00:00,CAT-797F-03,83.33386542051956,65.2700602275454,13.306077918059353
2026-01-17 15:00:00,CAT-797F-03,80.51234879724595,55.77543438015749,11.760118673271771
2026-01-17 16:00:00,CAT-797F-02,71.89419353363628,43.1952509660285,7.0065183074183714
2026-01-17 17:00:00,CAT-797F-02,70.80432706300363,70.11320312608163,6.337540060225052
2026-01-17 18:00:00,CAT-797F-03,114.44750753812141,70.18327419806117,11.56269252324325
2026-01-17 19:00:00,CAT-797F-03,89.2497910181138,69.82313700184028,15.857530137787064
2026-01-17 20:00:00,CAT-797F-02,87.29469912218568,44.55184845526157,17.147739662774327
2026-01-17 21:00:00,CAT-797F-03,100.58412772118814,53.04957376723952,3.694492870460122
2026-01-17 22:00:00,CAT-797F-01,79.82142495392789,74.399586245635,4.477257801563518
2026-01-17 23:00:00,CAT-797F-02,112.74825327776014,65.88049905239961,17.115780140529274
2026-01-18 00:00:00,CAT-797F-03,105.38552564869984,36.086696849022395,13.784563653356681
2026-01-18 01:00:00,CAT-797F-02,74.02349510405168,37.60818365041968,16.12790119727637
2026-01-18 02:00:00,CAT-797F-01,88.79113491032177,53.55725507249331,5.2421221461654905
2026-01-18 03:00:00,CAT-797F-02,109.56032384029741,71.3688082344624,11.40137393775043
2026-01-18 04:00:00,CAT-797F-02,112.51294100311347,56.54807191810857,13.218233510679578
2026-01-18 05:00:00,CAT-797F-02,91.03306800624414,54.91250032137161,12.881790167151562
2026-01-18 06:00:00,CAT-797F-02,97.60351251448185,39.21894799826522,8.53042705386717
2026-01-18 07:00:00,CAT-797F-01,77.51652757414338,61.271204188971765,2.2463182670609356
2026-01-18 08:00:00,CAT-797F-02,114.60258817616395,67.88412642400903,11.32681690886821
2026-01-18 09:00:00,CAT-797F-02,80.42522656225495,50.216800300302495,6.04962462687374
2026-01-18 10:00:00,CAT-797F-03,112.42292983608066,66.0244740370131,9.204067938286245
2026-01-18 11:00:00,CAT-797F-02,99.23409920465659,73.57906615603247,17.321296241341077
2026-01-18 12:00:00,CAT-797F-03,97.34815576954867,43.15065836510756,8.384565082278955
2026-01-18 13:00:00,CAT-797F-01,93.0709829957429,55.93318524778965,15.436825706630827
2026-01-18 14:00:00,CAT-797F-01,80.38014152729914,46.48551832338302,5.016649691988018
2026-01-18 15:00:00,CAT-797F-01,77.94376144024787,66.71417676135357,12.759367968400461
2026-01-18 16:00:00,CAT-797F-01,79.92187940815789,58.1037346352463,17.632111271023096
2026-01-18 17:00:00,CAT-797F-03,78.38972179649146,60.383296702012146,3.6302896139669887
2026-01-18 18:00:00,CAT-797F-02,105.0813013105039,66.91656638463576,2.133119075635072
2026-01-18 19:00:00,CAT-797F-01,85.75563666250285,50.8388189064982,8.93732468212183
2026-01-18 20:00:00,CAT-797F-02,72.60292044535284,71.60360273628173,3.482007728821875
2026-01-18 21:00:00,CAT-797F-03,113.60961835633651,56.3211546898456,13.974149594819702
2026-01-18 22:00:00,CAT-797F-03,109.77036482335416,41.318192913413924,16.632778621576943
2026-01-18 23:00:00,CAT-797F-03,111.74885274378458,62.835964726752096,8.944335563340141
2026-01-19 00:00:00,CAT-797F-01,114.77085201908959,66.73045401753018,6.139386274487055
2026-01-19 01:00:00,CAT-797F-02,77.82528621487693,47.670467082701066,8.950453104105756
2026-01-19 02:00:00,CAT-797F-02,87.83089085061964,69.28717027995012,13.575165085600016
2026-01-19 03:00:00,CAT-797F-02,104.12073140668411,71.24573019063065,2.1448665852859357
2026-01-19 04:00:00,CAT-797F-03,101.32092781242065,46.076179495112356,11.431263831755155
2026-01-19 05:00:00,CAT-797F-01,76.92531578529348,74.34085890860888,11.812666958198065
2026-01-19 06:00:00,CAT-797F-03,106.7124906245778,40.62846112195034,12.203011950334968
2026-01-19 07:00:00,CAT-797F-03,80.09982573264973,43.0806267360996,5.872353279694035
2026-01-19 08:00:00,CAT-797F-02,80.07179266701804,42.368993569521045,13.424843574050028
2026-01-19 09:00:00,CAT-797F-03,94.16384903020361,70.75958840031481,3.4622637813084225
2026-01-19 10:00:00,CAT-797F-02,96.68229706787665,61.17170209299847,5.188325383468813
2026-01-19 11:00:00,CAT-797F-01,96.10387935270151,41.08417132889092,16.03952074647171
2026-01-19 12:00:00,CAT-797F-02,74.11690768289897,52.612936734733964,13.819570411625062
2026-01-19 13:00:00,CAT-797F-01,109.48573881836711,59.61192100279208,2.219928864181524
2026-01-19 14:00:00,CAT-797F-02,81.95200191649177,38.338563399575335,5.974020165916803
2026-01-19 15:00:00,CAT-797F-03,75.82817145772619,70.29665473629355,5.430503727890633
2026-01-19 16:00:00,CAT-797F-03,109.99366359410396,67.14414141766142,6.332901248591561
2026-01-19 17:00:00,CAT-797F-01,113.00431742033891,55.20827094306553,5.9609563244781825
2026-01-19 18:00:00,CAT-797F-01,108.79574277694527,73.68506461036682,3.000420731885532
2026-01-19 19:00:00,CAT-797F-01,106.42822336261952,51.71043917100398,9.343048265549125
2026-01-19 20:00:00,CAT-797F-02,99.48588912875599,74.3644127614599,13.723735596578642
2026-01-19 21:00:00,CAT-797F-02,94.78858167741127,61.71679995214508,11.707707595478983
2026-01-19 22:00:00,CAT-797F-01,73.91440419601345,60.38685093015766,12.765946697569277
2026-01-19 23:00:00,CAT-797F-03,88.38039458818145,41.6381958118314,3.2983868565798264
2026-01-20 00:00:00,CAT-797F-02,86.77098326555412,70.27711033218576,17.223851362828597
2026-01-20 01:00:00,CAT-797F-02,81.68892026921468,52.099587516824606,15.415869341488397
2026-01-20 02:00:00,CAT-797F-02,102.55390511598632,41.48933623129918,14.881445095930603
2026-01-20 03:00:00,CAT-797F-01,92.31440807854469,35.50430079903036,15.16774088066828
2026-01-20 04:00:00,CAT-797F-01,73.64707971584416,57.3902273455353,16.92336813012418
2026-01-20 05:00:00,CAT-797F-01,79.90824408774151,56.095984884907054,10.708063457819163
2026-01-20 06:00:00,CAT-797F-01,100.74664436468181,63.774144894766344,5.204512285882014
2026-01-20 07:00:00,CAT-797F-01,73.42588867706351,70.61032212071208,11.868537725640659
2026-01-20 08:00:00,CAT-797F-03,108.30431113219458,38.17626338572118,13.886103898687024
2026-01-20 09:00:00,CAT-797F-03,92.28159371562884,64.2598596136145,13.806678293664406
2026-01-20 10:00:00,CAT-797F-01,91.62639597969917,42.496477763903286,10.343184386670082
2026-01-20 11:00:00,CAT-797F-02,96.6583503096783,69.32708212628656,3.095339509337249
2026-01-20 12:00:00,CAT-797F-01,107.11064346663171,67.76254055446624,7.937807014882045
2026-01-20 13:00:00,CAT-797F-03,85.65141435559869,56.631750199421774,16.73226573541372
2026-01-20 14:00:00,CAT-797F-03,100.51072686515786,63.40971194493246,11.351182556118816
2026-01-20 15:00:00,CAT-797F-02,95.4579383798106,47.574004527349935,10.613311092091415
2026-01-20 16:00:00,CAT-797F-03,82.01627215762396,53.84671595731258,6.301656230115096
2026-01-20 17:00:00,CAT-797F-01,109.53834938598212,67.86547590841886,7.8951827186652626
2026-01-20 18:00:00,CAT-797F-02,105.88417097231176,53.37060788692855,16.32553742645071
2026-01-20 19:00:00,CAT-797F-01,99.63033255962915,49.31193061301767,12.663408760429371
2026-01-20 20:00:00,CAT-797F-01,108.27617780924089,54.768497890012,14.598192428037326
2026-01-20 21:00:00,CAT-797F-02,109.0282390431911,68.12997009748874,9.269526769082482
2026-01-20 22:00:00,CAT-797F-01,101.87633395217657,48.40832189483491,12.083955511298527
2026-01-20 23:00:00,CAT-797F-03,107.66559977636524,41.95046372542975,5.9741377398913205
2026-01-21 00:00:00,CAT-797F-01,101.38621577511776,63.48056081323123,13.28737328453578
2026-01-21 01:00:00,CAT-797F-02,100.60633472921351,68.03912850832327,8.841621339253397
2026-01-21 02:00:00,CAT-797F-02,97.83751201968329,39.025499140941335,9.08072823703593
2026-01-21 03:00:00,CAT-797F-02,103.87224878009386,44.59496451023779,12.389157193230107
2026-01-21 04:00:00,CAT-797F-01,77.13722973818831,40.678879590439756,16.980489943502825
2026-01-21 05:00:00,CAT-797F-02,109.63918416395178,48.91765646328666,3.0241015457379348
2026-01-21 06:00:00,CAT-797F-02,109.23295874853544,53.014039156216505,15.195891797552122
2026-01-21 07:00:00,CAT-797F-01,71.31612773655516,64.95305347853225,6.67812976659509
2026-01-21 08:00:00,CAT-797F-03,107.16175377541433,61.04590339526696,9.102711272102045
2026-01-21 09:00:00,CAT-797F-01,75.79914403630504,59.837142699137246,2.3506132604001433
2026-01-21 10:00:00,CAT-797F-02,85.08034844166139,49.09499786438617,6.8167372453490085
2026-01-21 11:00:00,CAT-797F-02,103.45787153312236,68.6579021233904,10.042099882082088
2026-01-21 12:00:00,CAT-797F-01,77.23419532217387,53.85148669592658,2.898817237559024
2026-01-21 13:00:00,CAT-797F-03,106.80851608535781,74.16419752060618,9.857531670130642
2026-01-21 14:00:00,CAT-797F-02,107.44603800809838,60.36568553182947,16.83377006173484
2026-01-21 15:00:00,CAT-797F-02,92.83604801923764,40.05058966258011,3.6862914897248835
2026-01-21 16:00:00,CAT-797F-02,70.28736422725751,62.04710248301736,14.23105164920807
2026-01-21 17:00:00,CAT-797F-01,82.91671599287108,48.00416061726796,8.554736854015882
2026-01-21 18:00:00,CAT-797F-02,97.7617113269084,62.4530878674439,12.482779432389409
2026-01-21 19:00:00,CAT-797F-03,114.15337801123405,37.78564592649623,6.16378556776367
2026-01-21 20:00:00,CAT-797F-02,98.43160871575007,41.99525748703837,4.551876200661733
2026-01-21 21:00:00,CAT-797F-02,81.69116114788719,69.22949035623145,4.567401828339623
2026-01-21 22:00:00,CAT-797F-03,98.5302566394825,44.087182280940596,3.1278711302903144
2026-01-21 23:00:00,CAT-797F-02,94.29934208721349,68.4816450097176,4.970347278419888
2026-01-22 00:00:00,CAT-797F-01,105.09304278180147,46.17104353817642,12.627510159823492
2026-01-22 01:00:00,CAT-797F-01,74.81412874721313,60.71527640234831,16.10704978949613
2026-01-22 02:00:00,CAT-797F-01,104.24625561259126,62.76602294039324,15.02601096945859
2026-01-22 03:00:00,CAT-797F-03,94.35699604042496,55.50619012580212,12.962148957991745
2026-01-22 04:00:00,CAT-797F-02,113.33464017365476,47.21242706786925,3.7669098145776427
2026-01-22 05:00:00,CAT-797F-01,85.38424747174088,43.505775054843845,6.626999140735197
2026-01-22 06:00:00,CAT-797F-03,98.46798519102767,36.327574182497045,6.956910005159504
2026-01-22 07:00:00,CAT-797F-02,111.94126474795078,47.157856049628954,5.99931114236194
2026-01-22 08:00:00,CAT-797F-03,74.61293775958056,61.126511621251325,10.24009055535557
2026-01-22 09:00:00,CAT-797F-01,112.17528192564029,72.53219273793931,10.568861038074761
2026-01-22 10:00:00,CAT-797F-01,100.9548575035366,69.84817929052208,7.710175602737763
2026-01-22 11:00:00,CAT-797F-01,73.05266765973273,65.6425910614121,7.660626539782976
2026-01-22 12:00:00,CAT-797F-03,83.54336051260674,66.53789373013194,15.256889566497302
2026-01-22 13:00:00,CAT-797F-03,101.86774398903768,61.59939613903981,14.62868557311497
2026-01-22 14:00:00,CAT-797F-01,73.03077706609473,45.411474302640116,6.92473330689193
2026-01-22 15:00:00,CAT-797F-03,96.1976707079323,71.28780122823319,16.62061510197215
2026-01-22 16:00:00,CAT-797F-01,85.56473756288305,61.82929247623336,17.245040272040097
2026-01-22 17:00:00,CAT-797F-01,97.94119829953647,57.4176252392176,7.227880672480653
2026-01-22 18:00:00,CAT-797F-02,72.05839152156308,39.43957876853924,7.670799180688878
2026-01-22 19:00:00,CAT-797F-03,109.21915627685694,52.88222175225702,10.090146454751341
2026-01-22 20:00:00,CAT-797F-01,113.80700361298287,53.41433084807705,17.057933000538775
2026-01-22 21:00:00,CAT-797F-01,113.59950348785611,69.5825443809068,16.021110930276983
2026-01-22 22:00:00,CAT-797F-03,103.73433242843161,56.86592880751154,3.641087401337437
2026-01-22 23:00:00,CAT-797F-02,75.85388080587843,50.216021958816384,8.28369189234266
2026-01-23 00:00:00,CAT-797F-02,104.121843816806,74.07201314042638,10.85393903599635
2026-01-23 01:00:00,CAT-797F-01,71.10641124064607,39.428823733052624,10.05011956082464
2026-01-23 02:00:00,CAT-797F-03,70.99555981880488,51.901937132477784,5.101809086990283
2026-01-23 03:00:00,CAT-797F-02,84.56245986172935,36.68098700685621,15.741068338690475
2026-01-23 04:00:00,CAT-797F-03,91.98894356820996,64.59616483067721,12.831052527949398
2026-01-23 05:00:00,CAT-797F-03,104.66833380135068,71.72306208796603,15.406533997628857
2026-01-23 06:00:00,CAT-797F-01,100.74829194729273,46.201493182019576,15.740228469591555
2026-01-23 07:00:00,CAT-797F-02,90.06562178695367,69.33366707196484,13.973693658651836
2026-01-23 08:00:00,CAT-797F-01,82.31319998267496,46.68872921847591,9.027369619995477
2026-01-23 09:00:00,CAT-797F-02,114.870602507097,71.4308064657566,11.768748080246793
2026-01-23 10:00:00,CAT-797F-02,89.17815860061879,65.15847614387135,4.56584649791589
2026-01-23 11:00:00,CAT-797F-02,90.3124160948354,67.19627107365754,12.778326679598523
2026-01-23 12:00:00,CAT-797F-02,77.36307195362511,35.72026222401818,4.868052091828492
2026-01-23 13:00:00,CAT-797F-02,105.76642969374683,73.51241428296103,13.103193448162509
2026-01-23 14:00:00,CAT-797F-03,101.21570016016699,64.06683968281293,5.673570572063499
2026-01-23 15:00:00,CAT-797F-01,79.93463257549422,47.190043815445335,3.8808208024035196
2026-01-23 16:00:00,CAT-797F-03,73.70714705271293,68.17578659435388,4.644551842287319
2026-01-23 17:00:00,CAT-797F-02,100.62246859336209,46.2608479365972,2.0318741635051243
2026-01-23 18:00:00,CAT-797F-01,99.45300464265108,69.91015358264511,13.499833885656484
2026-01-23 19:00:00,CAT-797F-02,82.29667871491942,39.50321561647748,13.718416784934066
2026-01-23 20:00:00,CAT-797F-01,112.78886030126847,63.14743909843183,10.238933598612151
2026-01-23 21:00:00,CAT-797F-03,76.79760513014051,56.62793906579641,4.581804816886139
2026-01-23 22:00:00,CAT-797F-01,89.45506604691708,38.86137880781763,3.336869400171036
2026-01-23 23:00:00,CAT-797F-01,112.46271640754195,44.675753130353556,2.306063462996592
2026-01-24 00:00:00,CAT-797F-01,88.8877292616755,35.49616145109259,4.651970831443531
2026-01-24 01:00:00,CAT-797F-01,98.73366764488385,53.75071861858024,16.25368855973035
2026-01-24 02:00:00,CAT-797F-01,87.89174790832574,47.05061043040001,5.864589467226908
2026-01-24 03:00:00,CAT-797F-02,82.33968410569015,58.934299371910356,7.6683412354754505
2026-01-24 04:00:00,CAT-797F-01,114.27899415819226,46.88951230834469,3.685527751701331
2026-01-24 05:00:00,CAT-797F-01,88.42003028417693,46.99676446027939,5.557780875970725
2026-01-24 06:00:00,CAT-797F-03,110.23446416556105,64.72772794926414,10.307593132483282
2026-01-24 07:00:00,CAT-797F-01,80.34795726509888,36.925713439134135,11.724042929530441
2026-01-24 08:00:00,CAT-797F-03,79.58971168112875,71.11579980767948,5.925637026659377
2026-01-24 09:00:00,CAT-797F-02,71.40103372980302,69.09055497564725,2.9237145476018753
2026-01-24 10:00:00,CAT-797F-01,99.32500714191482,61.71218732905626,8.256525906038378
2026-01-24 11:00:00,CAT-797F-03,86.58368546756925,58.728862804295375,5.747253934821346
2026-01-24 12:00:00,CAT-797F-03,108.89612124278366,70.69209992558609,5.512862771676831
2026-01-24 13:00:00,CAT-797F-02,91.29444580112008,42.41320718114858,17.357804843415284
2026-01-24 14:00:00,CAT-797F-01,113.56870425616248,38.158766487633144,11.860807774811585
2026-01-24 15:00:00,CAT-797F-01,78.34864820664045,44.580406796381524,10.910055090753534
2026-01-24 16:00:00,CAT-797F-03,109.08804255800248,66.78313114800761,8.65240165637315
2026-01-24 17:00:00,CAT-797F-01,104.94685837562838,36.38681066905933,8.863109334882308
2026-01-24 18:00:00,CAT-797F-03,104.69148300898235,58.31227340333959,10.654480061409293
2026-01-24 19:00:00,CAT-797F-01,108.01524526525995,74.8175006476524,13.142876912577716
2026-01-24 20:00:00,CAT-797F-03,104.24607959243495,69.22784375350157,13.234337538909271
2026-01-24 21:00:00,CAT-797F-01,98.17991447341369,55.857827561743576,4.747102523287193
2026-01-24 22:00:00,CAT-797F-02,75.90601949570744,37.54563637146569,10.001804033226032
2026-01-24 23:00:00,CAT-797F-01,71.46367807710634,68.25494057542839,8.591329520545631
2026-01-25 00:00:00,CAT-797F-01,111.4381531517059,58.95914032708842,15.928431460310147
2026-01-25 01:00:00,CAT-797F-02,97.74926415343322,39.59731988238267,12.102702739494022
2026-01-25 02:00:00,CAT-797F-01,105.84417809392794,38.75429139293425,10.520065062655709
2026-01-25 03:00:00,CAT-797F-02,91.66850581806474,71.3850727774637,3.846314274862678
2026-01-25 04:00:00,CAT-797F-01,75.27886850330775,61.76801051752314,11.690206229174583
2026-01-25 05:00:00,CAT-797F-03,75.63336064911476,68.17147197267022,3.8752624908837348
2026-01-25 06:00:00,CAT-797F-03,100.85043792530371,70.15915601129069,7.395305209052033
2026-01-25 07:00:00,CAT-797F-01,89.36376527047582,57.87089408193289,4.28547143702931
2026-01-25 08:00:00,CAT-797F-01,79.02361270151515,55.69785407020165,13.073178352389903
2026-01-25 09:00:00,CAT-797F-01,92.12175460336466,52.21709641283961,5.300033821378442
2026-01-25 10:00:00,CAT-797F-03,72.88940216838104,47.67786351164477,8.269749971008416
2026-01-25 11:00:00,CAT-797F-01,96.18871308614794,52.38383843434847,16.33079644190046
2026-01-25 12:00:00,CAT-797F-03,82.10470319957939,65.95518622920625,5.269062134383525
2026-01-25 13:00:00,CAT-797F-02,105.89015952867346,59.07693724060526,10.124881023340466
2026-01-25 14:00:00,CAT-797F-03,83.96628815156082,70.70093159819385,8.708346578656352
2026-01-25 15:00:00,CAT-797F-03,90.48490670868105,52.73520057516751,2.2899846567316757
2026-01-25 16:00:00,CAT-797F-02,70.52292429586453,59.28358314875016,14.684129817165005
2026-01-25 17:00:00,CAT-797F-03,73.26010995075515,60.25230212367955,3.1047345010335956
2026-01-25 18:00:00,CAT-797F-01,87.66221003830081,58.66788649225302,9.588080335631258
2026-01-25 19:00:00,CAT-797F-01,91.59724756227055,63.10535092342065,10.970852719023199
2026-01-25 20:00:00,CAT-797F-03,97.00092466536867,44.497338734992255,12.054823305833393
2026-01-25 21:00:00,CAT-797F-01,83.12481604191865,55.494551101831625,13.01810606892601
2026-01-25 22:00:00,CAT-797F-03,101.27418487569442,39.16899211233391,6.052358136363441
2026-01-25 23:00:00,CAT-797F-01,108.70550787351421,50.3804531057925,2.15966042653519
2026-01-26 00:00:00,CAT-797F-01,105.09329450020074,54.50668274485058,13.575098597678592
2026-01-26 01:00:00,CAT-797F-03,71.78284714067607,61.088970381818896,10.570505589561257
2026-01-26 02:00:00,CAT-797F-01,91.6228126266023,73.02124210344815,15.37788325131598
2026-01-26 03:00:00,CAT-797F-03,74.72185802881786,59.026042661934234,15.142213806411108
2026-01-26 04:00:00,CAT-797F-01,80.89202571381374,64.74375664706238,15.49321868460613
2026-01-26 05:00:00,CAT-797F-01,114.39981669702159,55.25064237980811,9.761514559672642
2026-01-26 06:00:00,CAT-797F-02,76.4122994305681,60.364161255053254,7.3380543333898505
2026-01-26 07:00:00,CAT-797F-02,92.44996690531102,37.83728864535094,14.66493124146192
2026-01-26 08:00:00,CAT-797F-03,97.81700804431536,45.17566323367388,9.220705808468079
2026-01-26 09:00:00,CAT-797F-02,101.61092367448468,49.47412372820555,4.935075142454952
2026-01-26 10:00:00,CAT-797F-03,95.18419075691114,53.89973420026054,15.67958431298359
2026-01-26 11:00:00,CAT-797F-02,70.43968813386327,36.825949820095346,16.120958028357556
2026-01-26 12:00:00,CAT-797F-01,84.69075887097964,40.600963902132705,9.460956098242722
2026-01-26 13:00:00,CAT-797F-03,93.29702395231202,46.07257231165223,3.2111956369565995
2026-01-26 14:00:00,CAT-797F-03,73.9539924615175,73.86130763604203,8.2052174386709
2026-01-26 15:00:00,CAT-797F-01,85.77821190441313,48.25388028412203,14.856602551401654
2026-01-26 16:00:00,CAT-797F-03,71.4941398956115,54.2816423244833,16.428384456739657
2026-01-26 17:00:00,CAT-797F-03,73.53603237197594,42.843908509535716,5.255563879961533
2026-01-26 18:00:00,CAT-797F-02,87.86154742907182,59.43120284303073,3.0715777924043444
2026-01-26 19:00:00,CAT-797F-03,75.97220893193771,46.22732862063897,16.03760725012542
2026-01-26 20:00:00,CAT-797F-01,95.53933817177011,43.27970313753707,8.230479023662005
2026-01-26 21:00:00,CAT-797F-02,101.02592361117695,55.66290513783916,10.668175428281012
2026-01-26 22:00:00,CAT-797F-02,106.02640145990873,35.22023196641683,17.48905299281214
2026-01-26 23:00:00,CAT-797F-01,79.00676099101645,35.30656130596901,3.0650356466275657
2026-01-27 00:00:00,CAT-797F-01,77.53671620165814,43.76275236407431,12.373088119233529
2026-01-27 01:00:00,CAT-797F-02,74.70555281504801,36.46885450003285,3.185686761197873
2026-01-27 02:00:00,CAT-797F-03,98.63936122946365,39.321030165227654,8.007502855464006
2026-01-27 03:00:00,CAT-797F-02,101.79140769191055,48.55442597355007,14.861032723095148
2026-01-27 04:00:00,CAT-797F-01,71.42137651715389,67.10342718319251,8.93555572409015
2026-01-27 05:00:00,CAT-797F-02,112.12955108096604,57.88194573477203,17.954917662447208
2026-01-27 06:00:00,CAT-797F-01,72.33870776431625,55.50670903825666,10.944948559145635
2026-01-27 07:00:00,CAT-797F-02,94.35833508854817,46.73955292832487,7.138594442175256
2026-01-27 08:00:00,CAT-797F-03,101.90772337529124,72.27014877731266,5.52178121447605
2026-01-27 09:00:00,CAT-797F-02,109.19361056857386,50.880601649487666,7.608328548578589
2026-01-27 10:00:00,CAT-797F-02,102.13391194595926,38.48371067183086,7.960532380152813
2026-01-27 11:00:00,CAT-797F-01,106.07776373814063,59.68266064471205,3.0994188435833756
2026-01-27 12:00:00,CAT-797F-01,85.27525866442627,39.55353573906406,7.913187190828371
2026-01-27 13:00:00,CAT-797F-01,106.66713011859305,48.80892571206768,9.427816315827599
2026-01-27 14:00:00,CAT-797F-02,73.60516808731037,55.29647754871235,13.563804035820874
2026-01-27 15:00:00,CAT-797F-03,110.26674952272374,69.96890098740704,12.507671755545728
2026-01-27 16:00:00,CAT-797F-01,94.64165692691813,54.741863213604745,13.340250483666468
2026-01-27 17:00:00,CAT-797F-01,106.77839964831222,63.09035064126657,2.1338189100297136
2026-01-27 18:00:00,CAT-797F-02,90.3543228033235,74.71267355996281,5.482678393288577
2026-01-27 19:00:00,CAT-797F-01,98.96099628384363,40.25956479591927,12.586948614397704
2026-01-27 20:00:00,CAT-797F-03,93.6881197421251,45.98926102078078,9.743829890875954
2026-01-27 21:00:00,CAT-797F-03,102.92152847898993,50.783043023905854,2.085015610693535
2026-01-27 22:00:00,CAT-797F-01,73.67334919137653,51.873127141553255,14.871914278909157
2026-01-27 23:00:00,CAT-797F-01,72.71584377957537,51.44084301062183,14.364953172645398
2026-01-28 00:00:00,CAT-797F-02,81.1196455304566,71.30444010226219,10.774706607897002
2026-01-28 01:00:00,CAT-797F-03,77.17951060509347,63.56130577867425,3.063413212420354
2026-01-28 02:00:00,CAT-797F-03,109.23026049664907,59.31620856362815,14.264240792521354
2026-01-28 03:00:00,CAT-797F-01,79.864629431112,47.374908714511285,11.339417403701823
2026-01-28 04:00:00,CAT-797F-02,113.91393651186091,67.95161536885179,14.511359634527347
2026-01-28 05:00:00,CAT-797F-03,85.16031062969981,73.20242045939955,14.027951878333447
2026-01-28 06:00:00,CAT-797F-03,78.19530620599147,67.84793130200906,14.848033151325394
2026-01-28 07:00:00,CAT-797F-02,105.53643282141155,35.062604207658914,10.288129062473997
2026-01-28 08:00:00,CAT-797F-02,99.64184989753943,60.45605480733628,4.24519229109624
2026-01-28 09:00:00,CAT-797F-03,92.41880724039126,37.04541525768403,12.738519574075019
2026-01-28 10:00:00,CAT-797F-03,94.9913597921934,45.304288813348876,11.92758056083153
2026-01-28 11:00:00,CAT-797F-02,102.36408002225187,37.380988013910866,13.876050995185395
2026-01-28 12:00:00,CAT-797F-03,80.28046335990844,59.15181811797551,4.718096096811765
2026-01-28 13:00:00,CAT-797F-01,114.83502622255338,62.46359653970427,5.1196031984046275
2026-01-28 14:00:00,CAT-797F-01,113.86569229660523,39.579505522636204,16.246552275509256
2026-01-28 15:00:00,CAT-797F-02,99.26465588561216,50.35355532179918,13.999644775233133
2026-01-28 16:00:00,CAT-797F-02,78.97941029181153,53.24946035822168,16.531655819205167
2026-01-28 17:00:00,CAT-797F-02,100.61027090940811,49.76212087043666,14.139445138622731
2026-01-28 18:00:00,CAT-797F-01,73.24892840406291,39.84100001940772,11.55448489584483
2026-01-28 19:00:00,CAT-797F-03,71.37936259926127,51.75791160749902,12.466123792445979
2026-01-28 20:00:00,CAT-797F-01,81.59572998300462,65.04712191233672,16.22604678304016
2026-01-28 21:00:00,CAT-797F-03,90.81803305326923,37.84030658133022,11.260908072191048
2026-01-28 22:00:00,CAT-797F-01,109.07226274337712,38.20720056327614,12.118261189254198
2026-01-28 23:00:00,CAT-797F-03,102.72260813948387,49.19085167343937,4.503627456057609
2026-01-29 00:00:00,CAT-797F-01,103.42179345399914,72.669028464757,9.582739521857643
2026-01-29 01:00:00,CAT-797F-02,89.14720005016339,61.742905868916566,13.462353791329583
2026-01-29 02:00:00,CAT-797F-01,85.56707466461333,62.14679826690259,6.335083173061847
2026-01-29 03:00:00,CAT-797F-03,86.69674433430713,49.4767996335146,5.236066888392559
2026-01-29 04:00:00,CAT-797F-01,114.4442303681226,58.74643164834154,7.021228931590649
2026-01-29 05:00:00,CAT-797F-01,71.80491361356171,35.40524736110974,5.864010047885335
2026-01-29 06:00:00,CAT-797F-01,109.01641732551019,60.44384185638169,5.438602192582334
2026-01-29 07:00:00,CAT-797F-02,96.04039338575771,71.53147790304948,8.797613485889391
2026-01-29 08:00:00,CAT-797F-01,89.73769386353158,59.50293873379277,16.525416222136545
2026-01-29 09:00:00,CAT-797F-02,102.63659471868115,69.9479437386538,10.112954347819493
2026-01-29 10:00:00,CAT-797F-02,91.90010236411163,63.95892221864375,5.0067260930451685
2026-01-29 11:00:00,CAT-797F-01,109.30404571367472,39.82233665614761,3.231546710093985
2026-01-29 12:00:00,CAT-797F-01,110.53158388050663,71.09813229143367,13.138498322206804
2026-01-29 13:00:00,CAT-797F-01,88.9774417093055,37.657753774231,8.124780230982205
2026-01-29 14:00:00,CAT-797F-03,82.45725087557732,56.35869890191055,15.149295145365748
2026-01-29 15:00:00,CAT-797F-01,96.6557647867013,40.6854849517383,12.552172298252323
2026-01-29 16:00:00,CAT-797F-02,111.0563505527511,35.468264429236164,14.739863208661896
2026-01-29 17:00:00,CAT-797F-01,79.47979850525499,51.88137040510556,6.35113663069518
2026-01-29 18:00:00,CAT-797F-03,98.03349626035673,46.80162830616625,13.07774275937693
2026-01-29 19:00:00,CAT-797F-01,98.42020990416343,54.44001975190412,6.2249917550995
2026-01-29 20:00:00,CAT-797F-03,102.99008600868764,58.08799546938204,17.025095671204667
2026-01-29 21:00:00,CAT-797F-03,75.9205458307267,36.74956289235789,12.18198850453399
2026-01-29 22:00:00,CAT-797F-01,102.21212341069398,39.920131804949825,7.1921888028054735
2026-01-29 23:00:00,CAT-797F-02,110.90646342995385,57.34569585801701,6.312189796676362
2026-01-30 00:00:00,CAT-797F-03,78.08573989916088,48.72669412690633,5.054825361146296
2026-01-30 01:00:00,CAT-797F-01,80.6894496215745,64.16693950197792,13.114255342299645
2026-01-30 02:00:00,CAT-797F-01,113.71277923187378,61.09166594367758,5.499449807966837
2026-01-30 03:00:00,CAT-797F-02,78.14396287192704,68.82417451959627,11.524852254839825
2026-01-30 04:00:00,CAT-797F-03,108.44732920163106,62.69971306676901,6.2341604308057175
2026-01-30 05:00:00,CAT-797F-03,92.15250354016156,52.19724309560593,12.591503116701897
2026-01-30 06:00:00,CAT-797F-01,81.12539834814297,61.9186648957773,15.039035656648627
2026-01-30 07:00:00,CAT-797F-01,109.18374555726302,46.01524697021674,14.44840389031445
2026-01-30 08:00:00,CAT-797F-02,90.03873647511995,47.25253995112851,14.173621294892508
2026-01-30 09:00:00,CAT-797F-02,93.16678092683605,66.55940639683173,5.003558491076033
2026-01-30 10:00:00,CAT-797F-03,86.16550162298945,52.856780656063286,3.4141591517522993
2026-01-30 11:00:00,CAT-797F-03,96.68278831457174,66.9352136207341,13.18318125579817
2026-01-30 12:00:00,CAT-797F-01,77.35857426632603,67.89689494673114,7.893555420709621
2026-01-30 13:00:00,CAT-797F-03,87.59866914932923,69.30249350645136,8.917539622453557
2026-01-30 14:00:00,CAT-797F-02,113.62355450508794,71.66540943364829,2.498385484694257
2026-01-30 15:00:00,CAT-797F-02,81.61600447155074,52.23940882053185,6.153223188400787
2026-01-30 16:00:00,CAT-797F-01,99.55314990435815,47.75467273284555,2.5388224619914244
2026-01-30 17:00:00,CAT-797F-02,84.63355289011128,58.28794986376455,16.06697236161996
2026-01-30 18:00:00,CAT-797F-02,104.80629065589703,49.84689693750511,5.894346931496488
2026-01-30 19:00:00,CAT-797F-02,75.88931473232574,59.042966672009314,10.917394713168129
2026-01-30 20:00:00,CAT-797F-02,113.6419470285345,63.223434505752984,2.6236691305780866
2026-01-30 21:00:00,CAT-797F-01,90.42052936226376,62.536200739685476,12.669558260890529
2026-01-30 22:00:00,CAT-797F-01,80.62227085059088,49.98211548080485,7.168437532065502
2026-01-30 23:00:00,CAT-797F-03,73.30735362985057,41.67440806795011,16.36670699132265
2026-01-31 00:00:00,CAT-797F-02,77.63910572893933,52.2211735384883,16.209891022944575
2026-01-31 01:00:00,CAT-797F-03,93.38982768502079,40.70376576327635,7.204649893787964
2026-01-31 02:00:00,CAT-797F-01,85.16514293940789,70.60388140735233,16.415374331047488
2026-01-31 03:00:00,CAT-797F-01,107.29975146471742,48.8350984295143,17.93852277598046
2026-01-31 04:00:00,CAT-797F-01,89.38993856478126,41.178389888932955,15.206650625983169
2026-01-31 05:00:00,CAT-797F-01,81.19214226644334,36.017910396230036,15.517941564083664
2026-01-31 06:00:00,CAT-797F-01,97.77152439718135,60.83289545145937,5.984139777745439
2026-01-31 07:00:00,CAT-797F-01,101.80497475984507,60.47609269818973,11.227238381724101
2026-01-31 08:00:00,CAT-797F-01,77.51688585554274,48.62416666325167,3.0760946234778856
2026-01-31 09:00:00,CAT-797F-02,77.5428647329743,37.86847555390604,3.5186869891467154
2026-01-31 10:00:00,CAT-797F-03,71.65021421200943,51.38515579580928,17.98228179253265
2026-01-31 11:00:00,CAT-797F-01,103.13809067795383,47.44869980253574,7.226227990814575
2026-01-31 12:00:00,CAT-797F-02,99.87120374298124,62.084825589400374,13.970942592781542
2026-01-31 13:00:00,CAT-797F-02,91.35838940874163,59.231169978107616,14.906640848429063
2026-01-31 14:00:00,CAT-797F-03,107.98767020361387,49.5837491279016,15.728372336115667
2026-01-31 15:00:00,CAT-797F-01,106.2551568827524,43.715702170199606,17.962052758434503
2026-01-31 16:00:00,CAT-797F-03,96.34094639785386,74.52143864622367,5.8639437641098855
2026-01-31 17:00:00,CAT-797F-01,109.07220762309663,53.160064847844595,2.6456132297551953
2026-01-31 18:00:00,CAT-797F-02,79.26285445165458,62.530969431209485,8.579064287913376
2026-01-31 19:00:00,CAT-797F-02,75.03638287289776,40.62211870313443,4.081290717263151
2026-01-31 20:00:00,CAT-797F-02,82.13873251826453,54.423587986375914,2.358814226592882
2026-01-31 21:00:00,CAT-797F-02,72.56890852401916,36.10146879477862,7.766829234263778
2026-01-31 22:00:00,CAT-797F-03,93.90262876004644,55.218204716418,14.539812017203783
2026-01-31 23:00:00,CAT-797F-01,112.14725615327328,73.56069628470809,11.058891059601134
2026-02-01 00:00:00,CAT-797F-01,71.77045933008293,50.36826851943201,7.004447827365665
2026-02-01 01:00:00,CAT-797F-03,75.49494613045121,36.559840502996465,12.469472087883515
2026-02-01 02:00:00,CAT-797F-01,90.34895627275459,36.23823163677374,5.7122908849409715
2026-02-01 03:00:00,CAT-797F-02,112.02437578875572,50.519470397874784,2.2301031371533604
2026-02-01 04:00:00,CAT-797F-01,84.22702472395378,41.40099745852776,14.229654182982838
2026-02-01 05:00:00,CAT-797F-02,92.82556639097766,35.93408385312743,11.979889357824145
2026-02-01 06:00:00,CAT-797F-03,71.87077865726765,65.24854455800707,14.19684199201536
2026-02-01 07:00:00,CAT-797F-01,76.675444043294,53.34092035527563,2.6230082670026498
2026-02-01 08:00:00,CAT-797F-03,114.3983555331481,46.56979087890618,15.393914045290435
2026-02-01 09:00:00,CAT-797F-01,113.43034133962205,71.00332732065922,11.912419200580853
2026-02-01 10:00:00,CAT-797F-02,70.22229914204843,39.645558408021024,11.014325611402242
2026-02-01 11:00:00,CAT-797F-03,112.83153034404575,73.23675315821276,11.993824769832505
2026-02-01 12:00:00,CAT-797F-01,98.76039720169751,47.55866869509411,15.830931949893825
2026-02-01 13:00:00,CAT-797F-02,109.05632325340099,70.53614689234725,11.390984104942513
2026-02-01 14:00:00,CAT-797F-03,90.46329350352366,59.117715059178465,11.29520607821087
2026-02-01 15:00:00,CAT-797F-03,93.20182128606626,68.0682943896595,17.850866513052253
2026-02-01 16:00:00,CAT-797F-01,91.99809611156141,74.36052652841857,14.107682673097088
2026-02-01 17:00:00,CAT-797F-01,100.00889158957469,46.53621751274983,9.076700887218164
2026-02-01 18:00:00,CAT-797F-01,76.28430646403407,73.44541941630372,13.318352000526843
2026-02-01 19:00:00,CAT-797F-02,71.3488115442705,50.579275796096816,8.227687547068616
2026-02-01 20:00:00,CAT-797F-01,83.85684737160359,50.420476189476894,5.662007399735984
2026-02-01 21:00:00,CAT-797F-03,101.7106343231491,48.615484170180224,11.54963003020415
2026-02-01 22:00:00,CAT-797F-03,79.08340534553268,56.6563042939034,16.850913569823224
2026-02-01 23:00:00,CAT-797F-01,100.30445949962129,41.16580172713948,16.866232320247406
2026-02-02 00:00:00,CAT-797F-01,113.64604207482716,57.14845941432045,7.470484449687845
2026-02-02 01:00:00,CAT-797F-03,74.22553221052382,56.66819249640016,10.44283945954712
2026-02-02 02:00:00,CAT-797F-02,100.26709532013068,65.4760725041948,5.386174377117779
2026-02-02 03:00:00,CAT-797F-01,89.9687598687057,68.34599847750343,17.930097751982135
2026-02-02 04:00:00,CAT-797F-01,109.06640144698774,52.61765401249696,17.69788652588697
2026-02-02 05:00:00,CAT-797F-03,77.97174052513236,47.09332997405975,12.392142875319157
2026-02-02 06:00:00,CAT-797F-01,101.16816785017741,45.373395892683774,14.870624954839574
2026-02-02 07:00:00,CAT-797F-02,107.71518803416495,42.78495346819488,13.4416025805392
2026-02-02 08:00:00,CAT-797F-03,112.50763987633104,37.305903287960994,11.490531504631491
2026-02-02 09:00:00,CAT-797F-01,100.74616127303406,48.69791915338853,2.853567951822363
2026-02-02 10:00:00,CAT-797F-03,92.37286438037923,45.80990768523133,9.276229480842577
2026-02-02 11:00:00,CAT-797F-01,97.80312580905462,73.65669543465629,12.796580834678569
2026-02-02 12:00:00,CAT-797F-01,109.10072430154233,57.308353050001756,12.840505822138955
2026-02-02 13:00:00,CAT-797F-01,95.67743859874733,48.891081561220304,7.969961894758137
2026-02-02 14:00:00,CAT-797F-02,71.36741768635765,58.21870403974784,17.067071786528487
2026-02-02 15:00:00,CAT-797F-02,111.892691297814,40.56786805382782,4.677712515788496
2026-02-02 16:00:00,CAT-797F-03,101.02870379642025,52.76174996808812,10.00575113944897
2026-02-02 17:00:00,CAT-797F-01,100.4431023599761,60.04937285684255,13.054143624813165
2026-02-02 18:00:00,CAT-797F-01,79.70538185789727,54.55591327169806,13.154172894268948
2026-02-02 19:00:00,CAT-797F-02,99.64984616046958,51.07115202617297,12.378223308301049
2026-02-02 20:00:00,CAT-797F-01,87.72389825443713,74.75393555598794,6.404611415229763
2026-02-02 21:00:00,CAT-797F-02,99.30548396686714,70.21259048595708,4.4993050989859515
2026-02-02 22:00:00,CAT-797F-01,74.79668636385958,59.936238326377605,12.175045229227374
2026-02-02 23:00:00,CAT-797F-03,99.60303870713662,57.77509444729131,11.588833858231004
2026-02-03 00:00:00,CAT-797F-01,114.97361765968,59.826419192983366,4.869696164627856
2026-02-03 01:00:00,CAT-797F-01,72.16954174872502,43.052484312897334,13.282226329129013
2026-02-03 02:00:00,CAT-797F-02,113.97283828995927,50.805509730572744,9.282751867738503
2026-02-03 03:00:00,CAT-797F-01,88.31085823252917,36.57838131563597,12.684169465650447
2026-02-03 04:00:00,CAT-797F-01,109.18390526517666,54.02184149947307,15.39787327632241
2026-02-03 05:00:00,CAT-797F-02,105.2073467826223,56.720983358306526,4.715654857230771
2026-02-03 06:00:00,CAT-797F-03,95.51573174440006,44.10998944412839,2.306317887949387
2026-02-03 07:00:00,CAT-797F-03,103.23021441630969,73.56115388662056,14.465641382332588
2026-02-03 08:00:00,CAT-797F-02,109.53320025856065,71.37818443748968,11.755158802441855
2026-02-03 09:00:00,CAT-797F-02,88.18631447429648,63.88572941823624,13.194233113953947
2026-02-03 10:00:00,CAT-797F-02,84.71649227034574,56.3354651506145,15.41047959981828
2026-02-03 11:00:00,CAT-797F-02,100.0417023503613,69.7987663859074,14.844974957192008
2026-02-03 12:00:00,CAT-797F-02,106.35306738735665,40.22609375293852,17.374722350861195
2026-02-03 13:00:00,CAT-797F-03,104.30283106494771,66.6203917709954,10.574961261633891
2026-02-03 14:00:00,CAT-797F-03,105.90161419863855,39.99283255867393,9.815930122558486
2026-02-03 15:00:00,CAT-797F-02,89.601249166582,66.76842650197622,8.430195198251681
2026-02-03 16:00:00,CAT-797F-01,106.80253972787597,46.03070273005428,4.459056685507273
2026-02-03 17:00:00,CAT-797F-02,75.40940749167738,70.08362324072755,11.161715726112359
2026-02-03 18:00:00,CAT-797F-01,94.50200940823822,72.76168375301592,6.4322003892156605
2026-02-03 19:00:00,CAT-797F-02,70.25913972241547,40.951838776204625,16.740920195407607
2026-02-03 20:00:00,CAT-797F-02,84.60636234551217,53.50702420261574,11.331052868433561
2026-02-03 21:00:00,CAT-797F-03,86.4907690692129,74.2394951265074,11.485442888129763
2026-02-03 22:00:00,CAT-797F-01,87.8277711224165,54.33629743892587,7.67879457403216
2026-02-03 23:00:00,CAT-797F-01,101.2960243010438,69.54190090058181,2.83182963164332
2026-02-04 00:00:00,CAT-797F-03,87.48511455716556,58.54926088525279,2.507900245967818
2026-02-04 01:00:00,CAT-797F-03,90.19121301801388,50.013196316784075,8.77336230645116
2026-02-04 02:00:00,CAT-797F-03,80.68948588934474,46.43134222103481,3.3530460495558057
2026-02-04 03:00:00,CAT-797F-03,86.7963306233203,43.12892364344349,11.709551288642226
2026-02-04 04:00:00,CAT-797F-01,80.22713322684181,65.47192765510789,16.09556809023452
2026-02-04 05:00:00,CAT-797F-01,73.29381656957996,50.46162027292112,16.126637064299555
2026-02-04 06:00:00,CAT-797F-02,97.15518670216201,55.451018488030044,12.544726562115718
2026-02-04 07:00:00,CAT-797F-02,100.06957593497573,54.693019200047274,5.379709303566896
2026-02-04 08:00:00,CAT-797F-03,97.87706557043265,58.09116116932525,15.807949301741953
2026-02-04 09:00:00,CAT-797F-03,90.85723197102575,69.6230858249821,16.17749496501133
2026-02-04 10:00:00,CAT-797F-03,87.09036010806534,74.22957374333717,5.146457359247339
2026-02-04 11:00:00,CAT-797F-02,108.85001423073214,51.30336834295268,13.798817372330836
2026-02-04 12:00:00,CAT-797F-02,93.35868033112982,68.10075688425212,6.584312782833967
2026-02-04 13:00:00,CAT-797F-02,91.5631844933379,65.5811117861887,14.842244997646874
2026-02-04 14:00:00,CAT-797F-02,71.1538929612896,57.94115805822293,17.955806398457643
2026-02-04 15:00:00,CAT-797F-02,85.35615224317704,73.24188574447732,2.480416085270285
2026-02-04 16:00:00,CAT-797F-02,87.10880284536357,43.01898062113611,16.357853852654912
2026-02-04 17:00:00,CAT-797F-02,87.94702514036052,39.370568412384856,11.962088537578529
2026-02-04 18:00:00,CAT-797F-03,96.10775661522996,69.15847867821688,17.57412190663714
2026-02-04 19:00:00,CAT-797F-03,94.01211460270953,52.56599266534993,9.440152280422842
2026-02-04 20:00:00,CAT-797F-03,97.35572917570501,68.87875416828243,15.55820688914198
2026-02-04 21:00:00,CAT-797F-03,104.41974676939577,70.7236082078166,2.9983050975724357
2026-02-04 22:00:00,CAT-797F-02,106.5843582422242,37.49830374476286,7.364464801252732
2026-02-04 23:00:00,CAT-797F-01,102.31553843019225,70.33859051944242,3.0722646040193595
2026-02-05 00:00:00,CAT-797F-02,112.99856631797206,52.932762214776886,17.60549013566513
2026-02-05 01:00:00,CAT-797F-01,70.82046622043627,55.41729956016929,15.071582516349388
2026-02-05 02:00:00,CAT-797F-03,78.81000935575958,60.06370044372841,15.640758739935528
2026-02-05 03:00:00,CAT-797F-02,70.34032937401639,72.05530426920348,17.007443702942307
2026-02-05 04:00:00,CAT-797F-03,99.13636213695713,35.764643777190564,3.3616557779165657
2026-02-05 05:00:00,CAT-797F-02,110.41137470274941,54.073738732712684,8.169561480213334
2026-02-05 06:00:00,CAT-797F-03,80.95670334593346,62.50888169722243,3.136558224704034
2026-02-05 07:00:00,CAT-797F-01,111.71655451583379,63.90827830792914,5.372689624800458
2026-02-05 08:00:00,CAT-797F-01,72.71203256303023,62.70129726148432,5.669852432602758
2026-02-05 09:00:00,CAT-797F-01,112.04962120624813,40.37740517632487,9.505715376761259
2026-02-05 10:00:00,CAT-797F-02,85.82302092578355,46.975823534867246,6.296994679258281
2026-02-05 11:00:00,CAT-797F-01,74.56393728021474,49.34862101668054,3.6156497090841775
2026-02-05 12:00:00,CAT-797F-02,91.86422916338465,67.1774883071802,4.679857425505723
2026-02-05 13:00:00,CAT-797F-01,81.55494554742286,46.15039489658212,4.356409016833455
2026-02-05 14:00:00,CAT-797F-01,82.81928058828653,43.42819855468812,17.569228766596773
2026-02-05 15:00:00,CAT-797F-02,83.8280484216829,73.29792076152384,14.148680110695578
2026-02-05 16:00:00,CAT-797F-02,106.13616540246986,35.354531404538754,17.48418344431299
2026-02-05 17:00:00,CAT-797F-01,94.26225745038646,74.91283422727912,9.035847784126537
2026-02-05 18:00:00,CAT-797F-02,84.00884646202016,62.07285195429583,6.4538957066025056
2026-02-05 19:00:00,CAT-797F-01,97.46502024899132,68.13877197796468,14.772691155346987
2026-02-05 20:00:00,CAT-797F-02,102.22678034004372,46.78477585384773,7.2200626886583485
2026-02-05 21:00:00,CAT-797F-03,82.26808003300901,35.5726111066824,6.790133979285573
2026-02-05 22:00:00,CAT-797F-03,88.60970956864082,64.5147807424612,5.720095875325299
2026-02-05 23:00:00,CAT-797F-03,75.48487420016264,68.36578388002704,4.074863651587766
2026-02-06 00:00:00,CAT-797F-03,78.15172072906061,64.61904527814076,6.1034089762682555
2026-02-06 01:00:00,CAT-797F-03,100.65030342842422,40.71401149203354,7.685115975582203
2026-02-06 02:00:00,CAT-797F-01,78.16472564630321,65.13711689027876,12.783907330331687
2026-02-06 03:00:00,CAT-797F-03,93.63235226501772,65.75691128430563,3.0010374755112252
2026-02-06 04:00:00,CAT-797F-03,101.90708177750948,61.3416206268022,5.368111034645487
2026-02-06 05:00:00,CAT-797F-03,74.80946153926347,65.64463731182344,14.944378244666822
2026-02-06 06:00:00,CAT-797F-03,95.52904988330066,68.83685758710928,4.350750777340332
2026-02-06 07:00:00,CAT-797F-02,81.54532526656136,59.544164569498335,7.482322344360345
2026-02-06 08:00:00,CAT-797F-01,113.33170938569108,38.54418855878716,15.834542749730241
2026-02-06 09:00:00,CAT-797F-03,91.7595541023966,54.50511238668844,4.4788049782950825
2026-02-06 10:00:00,CAT-797F-03,106.26966473988212,38.1059733868642,3.3237893698910383
2026-02-06 11:00:00,CAT-797F-03,94.76019439703178,51.30172124129723,9.752607921280173
2026-02-06 12:00:00,CAT-797F-01,71.95356397846686,51.28425956502511,6.838712180456582
2026-02-06 13:00:00,CAT-797F-02,98.49181190173101,37.640393765609666,11.014533831741666
2026-02-06 14:00:00,CAT-797F-01,112.81315039929956,48.952821358779175,14.860878247735602
2026-02-06 15:00:00,CAT-797F-02,97.0725319065849,39.439923951652595,4.194375810443891
2026-02-06 16:00:00,CAT-797F-03,106.86349867420556,67.32940840036889,11.29118535286856
2026-02-06 17:00:00,CAT-797F-03,109.78929085067836,72.90752103857884,10.088140166237823
2026-02-06 18:00:00,CAT-797F-01,80.26358973770196,37.892659010317544,4.305260576211193
2026-02-06 19:00:00,CAT-797F-01,79.5420177958702,73.20460829166805,11.983975768463718
2026-02-06 20:00:00,CAT-797F-02,97.49414449829463,55.903063973469806,6.378246685772346
2026-02-06 21:00:00,CAT-797F-02,88.49628114130171,46.98262711815495,9.8053490967042
2026-02-06 22:00:00,CAT-797F-01,107.79375862900241,38.07448301104654,3.31635718843299
2026-02-06 23:00:00,CAT-797F-02,110.5010405529105,55.02497072281671,9.353344915417969
2026-02-07 00:00:00,CAT-797F-01,85.90396206862232,66.78062177962994,6.903415488685125
2026-02-07 01:00:00,CAT-797F-02,80.65917515385169,63.283459090667925,15.15809937896567
2026-02-07 02:00:00,CAT-797F-01,105.12364818597379,37.00904045855895,2.9116596319578925
2026-02-07 03:00:00,CAT-797F-01,82.36627159966612,37.91607341471614,8.697716398693279
2026-02-07 04:00:00,CAT-797F-01,107.01764433311553,51.11493130530548,9.334902786103008
2026-02-07 05:00:00,CAT-797F-02,89.06822141419433,46.81161976191773,13.6000972207859
2026-02-07 06:00:00,CAT-797F-02,100.03974546811617,44.29537292224191,11.188601201443376
2026-02-07 07:00:00,CAT-797F-02,74.29908912256006,46.24017995634854,12.675397395106897
2026-02-07 08:00:00,CAT-797F-01,98.07366961044579,67.13930973187539,14.432788570428098
2026-02-07 09:00:00,CAT-797F-02,90.32954554317531,72.16912214527416,15.79524757853102
2026-02-07 10:00:00,CAT-797F-02,96.39738084289634,51.20410778110266,7.022007947559528
2026-02-07 11:00:00,CAT-797F-01,77.56063934851885,71.24444008529989,10.608363285822447
2026-02-07 12:00:00,CAT-797F-03,103.15931852248819,47.85982804991528,15.441729255027198
2026-02-07 13:00:00,CAT-797F-01,108.82586848944528,54.05747945375167,17.831218095440903
2026-02-07 14:00:00,CAT-797F-02,79.7532910040849,44.04115991263999,16.23230897670021
2026-02-07 15:00:00,CAT-797F-01,74.30715499840727,60.61904168703376,7.943476201990029
2026-02-07 16:00:00,CAT-797F-03,71.06373637208513,74.15924460699236,5.122664275498407
2026-02-07 17:00:00,CAT-797F-01,98.88871751994697,59.13972384173515,9.83028059850542
2026-02-07 18:00:00,CAT-797F-02,97.31923162399514,49.31256336454196,13.866263229376676
2026-02-07 19:00:00,CAT-797F-03,94.60138357213316,60.91269783962113,9.881105132052761
2026-02-07 20:00:00,CAT-797F-02,80.43761932521889,39.9168271386155,9.730893813018696
2026-02-07 21:00:00,CAT-797F-03,87.59076981574816,70.54636321061594,15.41168673730881
2026-02-07 22:00:00,CAT-797F-03,96.75143508337779,55.123358031193455,7.782460465074982
2026-02-07 23:00:00,CAT-797F-01,92.35450864866263,52.97398968158568,15.75671479698633
2026-02-08 00:00:00,CAT-797F-01,114.45034840966993,58.434591538140765,8.508876815227577
2026-02-08 01:00:00,CAT-797F-02,76.13978886505299,59.9913545115761,7.2517296908534306
2026-02-08 02:00:00,CAT-797F-01,101.28150493214173,37.87103224906052,9.263838579195184
2026-02-08 03:00:00,CAT-797F-01,88.19434456469315,62.304688848936095,14.199151338797895
2026-02-08 04:00:00,CAT-797F-03,89.26898267165267,44.67726721262118,4.0160324458239085
2026-02-08 05:00:00,CAT-797F-01,102.29189945461793,63.55810530026359,5.142707453952278
2026-02-08 06:00:00,CAT-797F-03,101.15962680959663,67.90139177536787,17.223117210609473
2026-02-08 07:00:00,CAT-797F-03,114.60651971659848,67.15834030210081,4.807866038101718
2026-02-08 08:00:00,CAT-797F-03,75.77774302543564,57.100038696315565,11.083637086896873
2026-02-08 09:00:00,CAT-797F-02,74.68493422228748,55.80679569243004,11.269031466591006
2026-02-08 10:00:00,CAT-797F-02,102.59524677079335,40.71503845357647,9.833991392803917
2026-02-08 11:00:00,CAT-797F-02,96.0274112652884,66.01384601612543,12.315923977229097
2026-02-08 12:00:00,CAT-797F-03,82.33722999519127,45.856375217868575,5.677227612761895
2026-02-08 13:00:00,CAT-797F-02,73.5738716045044,54.86781691271786,10.842596284427971
2026-02-08 14:00:00,CAT-797F-02,73.85462123183937,46.370963717100665,7.954772083950354
2026-02-08 15:00:00,CAT-797F-01,110.23858935988532,40.35313451998773,12.586676154067025
2026-02-08 16:00:00,CAT-797F-02,78.63402961234343,60.182307875669466,4.259576693970391
2026-02-08 17:00:00,CAT-797F-02,84.55172029519844,37.17328139291615,11.13403866943162
2026-02-08 18:00:00,CAT-797F-03,80.19953810021445,64.945809365048,4.964325686133179
2026-02-08 19:00:00,CAT-797F-03,85.97483376243719,47.70347181044467,6.458289009840582
2026-02-08 20:00:00,CAT-797F-03,73.1240729235742,35.005387720179414,5.499356805177332
2026-02-08 21:00:00,CAT-797F-03,93.35769059087217,55.44516556948919,4.925404477901074
2026-02-08 22:00:00,CAT-797F-03,73.04256536164966,36.87407634110413,15.211375224970672
2026-02-08 23:00:00,CAT-797F-03,106.01604285200628,46.04678231283598,6.571321082574245
2026-02-09 00:00:00,CAT-797F-02,80.51704368596948,63.27905949822865,16.83398050983119
2026-02-09 01:00:00,CAT-797F-03,94.30053615720297,37.50758486487464,17.518824405523056
2026-02-09 02:00:00,CAT-797F-03,109.60355894026563,68.5735396942401,11.140167518993557
2026-02-09 03:00:00,CAT-797F-01,99.28948160712373,35.152796906343326,4.288017962651622
2026-02-09 04:00:00,CAT-797F-02,93.9831003948101,44.87295476807609,7.9927718940733
2026-02-09 05:00:00,CAT-797F-02,84.59501889019191,64.63616224608286,14.763716213571424
2026-02-09 06:00:00,CAT-797F-02,84.98508608761891,47.65080598917227,7.878251659153127
2026-02-09 07:00:00,CAT-797F-03,100.12691298391856,39.075695522640544,3.39227549284462
2026-02-09 08:00:00,CAT-797F-03,114.73627125495254,49.40935675201712,10.908558574851007
2026-02-09 09:00:00,CAT-797F-03,99.78276354322205,45.81573145538102,15.521933623936556
2026-02-09 10:00:00,CAT-797F-01,95.10025378165112,68.7084760864222,14.734822194296038
2026-02-09 11:00:00,CAT-797F-03,102.87927296076607,47.53391670340572,4.801970242085652
2026-02-09 12:00:00,CAT-797F-01,90.93425255276732,66.55729887104029,12.764233830599467
2026-02-09 13:00:00,CAT-797F-02,72.70640541703534,70.6748857924294,5.528068214970354
2026-02-09 14:00:00,CAT-797F-03,95.30335671450594,52.35269678306118,5.491320552834756
2026-02-09 15:00:00,CAT-797F-01,113.0931378027421,71.39772575417568,15.985148372882962
2026-02-09 16:00:00,CAT-797F-01,77.88863240609469,50.092722158527714,5.9947032438436825
2026-02-09 17:00:00,CAT-797F-03,101.05022008692995,73.56313665960433,6.211957544288179
2026-02-09 18:00:00,CAT-797F-02,79.04201598965754,38.57158098102292,2.010454252180793
2026-02-09 19:00:00,CAT-797F-02,94.11224580128865,62.48077066012971,15.930704546008283
2026-02-09 20:00:00,CAT-797F-02,74.35044023410238,54.75256161827715,14.681517011346155
2026-02-09 21:00:00,CAT-797F-01,90.26669213161833,50.505952218225886,12.037262961450848
2026-02-09 22:00:00,CAT-797F-01,104.02734980028607,60.30847514994404,14.004252223021476
2026-02-09 23:00:00,CAT-797F-01,85.64071859075419,63.15428366537325,4.432777078791869
2026-02-10 00:00:00,CAT-797F-01,99.9210276019248,35.17453078601236,9.333177513401207
2026-02-10 01:00:00,CAT-797F-02,105.79524823553781,41.67812354988795,7.619510197580494
2026-02-10 02:00:00,CAT-797F-03,111.72300187657537,63.52184202537275,3.500424420112264
2026-02-10 03:00:00,CAT-797F-01,80.55889368349541,61.655416543128254,9.778087763438785
2026-02-10 04:00:00,CAT-797F-01,87.96921621141887,73.6419002051471,16.731834405482168
2026-02-10 05:00:00,CAT-797F-02,76.85872059986879,65.44151161003131,2.6409459048111117
2026-02-10 06:00:00,CAT-797F-03,114.6617575971269,73.03090830925352,6.663374615900702
2026-02-10 07:00:00,CAT-797F-03,111.71504355659329,63.10162006139228,5.320654979291255
2026-02-10 08:00:00,CAT-797F-02,94.29807086262518,46.92208834557773,5.810346458651141
2026-02-10 09:00:00,CAT-797F-02,107.89149824693897,39.21459689003426,16.534952830070004
2026-02-10 10:00:00,CAT-797F-03,93.4431089772419,66.27295453379742,9.489104867748642
2026-02-10 11:00:00,CAT-797F-01,98.06135596012419,60.76596885903663,9.4607906070371
2026-02-10 12:00:00,CAT-797F-03,74.01059944522075,36.92744049573185,14.169210279284517
2026-02-10 13:00:00,CAT-797F-02,103.98716892235635,49.40201863603913,4.471875264078813
2026-02-10 14:00:00,CAT-797F-01,75.74710676358556,73.27199261937145,9.796245665600813
2026-02-10 15:00:00,CAT-797F-01,107.17304336136377,55.01604582840805,8.879763425936956
2026-02-10 16:00:00,CAT-797F-02,105.19126394516736,52.309165440788185,11.550571048746498
2026-02-10 17:00:00,CAT-797F-02,101.89351139843394,53.307984206371756,17.992923252007017
2026-02-10 18:00:00,CAT-797F-02,71.6272171236143,43.35530896020655,14.311182305312753
2026-02-10 19:00:00,CAT-797F-03,83.64077601753979,49.74828683459181,8.365851248278835
2026-02-10 20:00:00,CAT-797F-03,81.84006564598793,49.792530239487064,15.240848836384751
2026-02-10 21:00:00,CAT-797F-01,86.20613833621836,37.09420080749889,4.731333812999683
2026-02-10 22:00:00,CAT-797F-02,73.94392360437273,65.70270514071673,2.487418980943362
2026-02-10 23:00:00,CAT-797F-01,112.16310203639782,51.66017727615516,5.271173959428369
2026-02-11 00:00:00,CAT-797F-01,94.92110083205694,67.88719547265694,7.446584897828155
2026-02-11 01:00:00,CAT-797F-01,83.74859397961106,69.01392004479581,10.169292119352958
2026-02-11 02:00:00,CAT-797F-01,87.86416826834275,43.47976218794632,11.842066248659197
2026-02-11 03:00:00,CAT-797F-02,90.1241143227176,61.29413928680514,16.569691475430748
2026-02-11 04:00:00,CAT-797F-01,97.02674500122778,53.89127216651927,10.157664152807323
2026-02-11 05:00:00,CAT-797F-02,93.2055742463424,70.20626951685941,10.02041031401167
2026-02-11 06:00:00,CAT-797F-02,111.37263879464878,43.62962716705816,2.803888157167714
2026-02-11 07:00:00,CAT-797F-03,92.36335673076236,62.11252801240177,2.558584842499581
2026-02-11 08:00:00,CAT-797F-02,114.64711066704908,59.310084890108904,10.818559390661953
2026-02-11 09:00:00,CAT-797F-03,108.31412309852931,46.81205910287331,9.010857811973512
2026-02-11 10:00:00,CAT-797F-02,79.3829731460801,40.46403614604691,15.426886319684778
2026-02-11 11:00:00,CAT-797F-02,111.87678465897623,61.065590419091066,4.570873355389523
2026-02-11 12:00:00,CAT-797F-02,75.23648790484643,64.54389832529323,2.3995465938727936
2026-02-11 13:00:00,CAT-797F-03,106.78523688210362,47.625093750534,9.184620286882014
2026-02-11 14:00:00,CAT-797F-03,87.1280482064461,60.79330416089255,5.79965690803612
2026-02-11 15:00:00,CAT-797F-01,109.50884442002813,50.80523630446013,2.793829973421399
